Teams,FT Score,HT Score,Bookmaker,Home Odds,Handicap,Away Odds,Timestamp
伊普斯维奇 vs 曼彻斯特城,0-6,0-3,澳*,1.06,-1.25,0.8,20250119234450
伊普斯维奇 vs 曼彻斯特城,0-6,0-3,澳*,1.02,-1.25,0.84,20250119232827
伊普斯维奇 vs 曼彻斯特城,0-6,0-3,澳*,0.96,-1.25,0.9,20250119225222
伊普斯维奇 vs 曼彻斯特城,0-6,0-3,澳*,0.88,-1.25,0.98,20250119212838
伊普斯维奇 vs 曼彻斯特城,0-6,0-3,澳*,0.86,-1.25,1.0,20250119204430
伊普斯维奇 vs 曼彻斯特城,0-6,0-3,澳*,0.88,-1.25,0.98,20250119190602
伊普斯维奇 vs 曼彻斯特城,0-6,0-3,澳*,0.82,-1.5,1.04,20250119133015
伊普斯维奇 vs 曼彻斯特城,0-6,0-3,澳*,0.86,-1.5,1.0,20250119073754
伊普斯维奇 vs 曼彻斯特城,0-6,0-3,澳*,0.9,-1.5,0.96,20250118061053
伊普斯维奇 vs 曼彻斯特城,0-6,0-3,澳*,0.96,-1.5,0.9,20250115070820
伊普斯维奇 vs 曼彻斯特城,0-6,0-3,澳*,1.0,-1.5,0.86,20250113221811
伊普斯维奇 vs 曼彻斯特城,0-6,0-3,Crow*,0.8,-1.5,1.09,20250120002946
伊普斯维奇 vs 曼彻斯特城,0-6,0-3,Crow*,0.82,-1.5,1.07,20250120002832
伊普斯维奇 vs 曼彻斯特城,0-6,0-3,Crow*,0.84,-1.5,1.05,20250120002754
伊普斯维奇 vs 曼彻斯特城,0-6,0-3,Crow*,0.85,-1.5,1.04,20250120002637
伊普斯维奇 vs 曼彻斯特城,0-6,0-3,Crow*,0.82,-1.5,1.07,20250120002222
伊普斯维奇 vs 曼彻斯特城,0-6,0-3,Crow*,0.83,-1.5,1.06,20250120002110
伊普斯维奇 vs 曼彻斯特城,0-6,0-3,Crow*,0.84,-1.5,1.05,20250120002033
伊普斯维奇 vs 曼彻斯特城,0-6,0-3,Crow*,0.85,-1.5,1.04,20250120001540
伊普斯维奇 vs 曼彻斯特城,0-6,0-3,Crow*,0.83,-1.5,1.06,20250120001120
伊普斯维奇 vs 曼彻斯特城,0-6,0-3,Crow*,0.84,-1.5,1.05,20250120000601
伊普斯维奇 vs 曼彻斯特城,0-6,0-3,Crow*,0.85,-1.5,1.04,20250120000525
伊普斯维奇 vs 曼彻斯特城,0-6,0-3,Crow*,0.84,-1.5,1.05,20250120000141
伊普斯维奇 vs 曼彻斯特城,0-6,0-3,Crow*,0.82,-1.5,1.07,20250119235835
伊普斯维奇 vs 曼彻斯特城,0-6,0-3,Crow*,0.85,-1.5,1.04,20250119235757
伊普斯维奇 vs 曼彻斯特城,0-6,0-3,Crow*,0.87,-1.5,1.02,20250119235409
伊普斯维奇 vs 曼彻斯特城,0-6,0-3,Crow*,0.85,-1.5,1.04,20250119235331
伊普斯维奇 vs 曼彻斯特城,0-6,0-3,Crow*,0.83,-1.5,1.06,20250119235254
伊普斯维奇 vs 曼彻斯特城,0-6,0-3,Crow*,0.85,-1.5,1.04,20250119235217
伊普斯维奇 vs 曼彻斯特城,0-6,0-3,Crow*,1.08,-1.25,0.81,20250119235102
伊普斯维奇 vs 曼彻斯特城,0-6,0-3,Crow*,1.06,-1.25,0.83,20250119234710
伊普斯维奇 vs 曼彻斯特城,0-6,0-3,Crow*,1.07,-1.25,0.82,20250119233931
伊普斯维奇 vs 曼彻斯特城,0-6,0-3,Crow*,1.05,-1.25,0.84,20250119233853
伊普斯维奇 vs 曼彻斯特城,0-6,0-3,Crow*,1.04,-1.25,0.85,20250119233739
伊普斯维奇 vs 曼彻斯特城,0-6,0-3,Crow*,1.03,-1.25,0.86,20250119233231
伊普斯维奇 vs 曼彻斯特城,0-6,0-3,Crow*,1.05,-1.25,0.84,20250119232951
伊普斯维奇 vs 曼彻斯特城,0-6,0-3,Crow*,1.04,-1.25,0.85,20250119232414
伊普斯维奇 vs 曼彻斯特城,0-6,0-3,Crow*,1.05,-1.25,0.84,20250119232254
伊普斯维奇 vs 曼彻斯特城,0-6,0-3,Crow*,1.01,-1.25,0.88,20250119232216
伊普斯维奇 vs 曼彻斯特城,0-6,0-3,Crow*,1.03,-1.25,0.86,20250119232058
伊普斯维奇 vs 曼彻斯特城,0-6,0-3,Crow*,1.01,-1.25,0.88,20250119231818
伊普斯维奇 vs 曼彻斯特城,0-6,0-3,Crow*,1.0,-1.25,0.89,20250119231305
伊普斯维奇 vs 曼彻斯特城,0-6,0-3,Crow*,0.99,-1.25,0.9,20250119231107
伊普斯维奇 vs 曼彻斯特城,0-6,0-3,Crow*,0.98,-1.25,0.91,20250119230752
伊普斯维奇 vs 曼彻斯特城,0-6,0-3,Crow*,0.99,-1.25,0.9,20250119225704
伊普斯维奇 vs 曼彻斯特城,0-6,0-3,Crow*,1.0,-1.25,0.89,20250119225504
伊普斯维奇 vs 曼彻斯特城,0-6,0-3,Crow*,0.98,-1.25,0.91,20250119225425
伊普斯维奇 vs 曼彻斯特城,0-6,0-3,Crow*,0.97,-1.25,0.92,20250119225226
伊普斯维奇 vs 曼彻斯特城,0-6,0-3,Crow*,0.96,-1.25,0.93,20250119222748
伊普斯维奇 vs 曼彻斯特城,0-6,0-3,Crow*,0.97,-1.25,0.92,20250119222427
伊普斯维奇 vs 曼彻斯特城,0-6,0-3,Crow*,0.93,-1.25,0.96,20250119222002
伊普斯维奇 vs 曼彻斯特城,0-6,0-3,Crow*,0.92,-1.25,0.97,20250119221359
伊普斯维奇 vs 曼彻斯特城,0-6,0-3,Crow*,0.91,-1.25,0.98,20250119221157
伊普斯维奇 vs 曼彻斯特城,0-6,0-3,Crow*,0.9,-1.25,0.99,20250119212559
伊普斯维奇 vs 曼彻斯特城,0-6,0-3,Crow*,0.88,-1.25,1.01,20250119205655
伊普斯维奇 vs 曼彻斯特城,0-6,0-3,Crow*,0.87,-1.25,1.02,20250119204016
伊普斯维奇 vs 曼彻斯特城,0-6,0-3,Crow*,0.86,-1.25,1.03,20250119203645
伊普斯维奇 vs 曼彻斯特城,0-6,0-3,Crow*,0.84,-1.25,1.05,20250119203309
伊普斯维奇 vs 曼彻斯特城,0-6,0-3,Crow*,0.83,-1.25,1.06,20250119195819
伊普斯维奇 vs 曼彻斯特城,0-6,0-3,Crow*,0.82,-1.25,1.07,20250119193218
伊普斯维奇 vs 曼彻斯特城,0-6,0-3,Crow*,1.08,-1.0,0.81,20250119191327
伊普斯维奇 vs 曼彻斯特城,0-6,0-3,Crow*,1.07,-1.0,0.82,20250119191240
伊普斯维奇 vs 曼彻斯特城,0-6,0-3,Crow*,0.8,-1.25,1.09,20250119191109
伊普斯维奇 vs 曼彻斯特城,0-6,0-3,Crow*,0.82,-1.25,1.07,20250119191022
伊普斯维奇 vs 曼彻斯特城,0-6,0-3,Crow*,0.83,-1.25,1.06,20250119190852
伊普斯维奇 vs 曼彻斯特城,0-6,0-3,Crow*,0.85,-1.25,1.04,20250119190549
伊普斯维奇 vs 曼彻斯特城,0-6,0-3,Crow*,0.87,-1.25,1.02,20250119190502
伊普斯维奇 vs 曼彻斯特城,0-6,0-3,Crow*,0.92,-1.25,0.97,20250119190420
伊普斯维奇 vs 曼彻斯特城,0-6,0-3,Crow*,0.97,-1.25,0.92,20250119190034
伊普斯维奇 vs 曼彻斯特城,0-6,0-3,Crow*,0.99,-1.25,0.9,20250119184558
伊普斯维奇 vs 曼彻斯特城,0-6,0-3,Crow*,1.0,-1.25,0.89,20250119180607
伊普斯维奇 vs 曼彻斯特城,0-6,0-3,Crow*,1.02,-1.25,0.87,20250119180518
伊普斯维奇 vs 曼彻斯特城,0-6,0-3,Crow*,1.0,-1.25,0.89,20250119163659
伊普斯维奇 vs 曼彻斯特城,0-6,0-3,Crow*,0.99,-1.25,0.9,20250119163431
伊普斯维奇 vs 曼彻斯特城,0-6,0-3,Crow*,1.01,-1.25,0.88,20250119161100
伊普斯维奇 vs 曼彻斯特城,0-6,0-3,Crow*,1.0,-1.25,0.89,20250119152549
伊普斯维奇 vs 曼彻斯特城,0-6,0-3,Crow*,1.02,-1.25,0.87,20250119152500
伊普斯维奇 vs 曼彻斯特城,0-6,0-3,Crow*,1.04,-1.25,0.85,20250119151315
伊普斯维奇 vs 曼彻斯特城,0-6,0-3,Crow*,1.05,-1.25,0.84,20250119143331
伊普斯维奇 vs 曼彻斯特城,0-6,0-3,Crow*,1.06,-1.25,0.83,20250119143246
伊普斯维奇 vs 曼彻斯特城,0-6,0-3,Crow*,1.05,-1.25,0.84,20250119124235
伊普斯维奇 vs 曼彻斯特城,0-6,0-3,Crow*,0.83,-1.5,1.06,20250119123555
伊普斯维奇 vs 曼彻斯特城,0-6,0-3,Crow*,0.84,-1.5,1.05,20250119121447
伊普斯维奇 vs 曼彻斯特城,0-6,0-3,Crow*,0.85,-1.5,1.04,20250119121008
伊普斯维奇 vs 曼彻斯特城,0-6,0-3,Crow*,0.87,-1.5,1.02,20250119120131
伊普斯维奇 vs 曼彻斯特城,0-6,0-3,Crow*,0.88,-1.5,1.01,20250119104419
伊普斯维奇 vs 曼彻斯特城,0-6,0-3,Crow*,0.87,-1.5,1.02,20250119035520
伊普斯维奇 vs 曼彻斯特城,0-6,0-3,Crow*,0.9,-1.5,0.99,20250119030244
伊普斯维奇 vs 曼彻斯特城,0-6,0-3,Crow*,0.9,-1.5,0.98,20250117220715
伊普斯维奇 vs 曼彻斯特城,0-6,0-3,Crow*,0.92,-1.5,0.96,20250117194000
伊普斯维奇 vs 曼彻斯特城,0-6,0-3,Crow*,0.95,-1.5,0.93,20250116132849
伊普斯维奇 vs 曼彻斯特城,0-6,0-3,Crow*,0.97,-1.5,0.91,20250115065855
伊普斯维奇 vs 曼彻斯特城,0-6,0-3,Crow*,1.0,-1.5,0.88,20250115063955
伊普斯维奇 vs 曼彻斯特城,0-6,0-3,Crow*,1.01,-1.5,0.87,20250113011042
伊普斯维奇 vs 曼彻斯特城,0-6,0-3,Crow*,0.94,-1.5,0.94,20250112050147
伊普斯维奇 vs 曼彻斯特城,0-6,0-3,Crow*,0.88,-1.5,1.0,20250107002940
伊普斯维奇 vs 曼彻斯特城,0-6,0-3,Crow*,0.91,-1.5,0.97,20250106142822
伊普斯维奇 vs 曼彻斯特城,0-6,0-3,Crow*,0.93,-1.5,0.95,20250106104535
伊普斯维奇 vs 曼彻斯特城,0-6,0-3,36*,0.86,-1.5,1.04,20250120001447
伊普斯维奇 vs 曼彻斯特城,0-6,0-3,36*,0.85,-1.5,1.08,20250120000328
伊普斯维奇 vs 曼彻斯特城,0-6,0-3,36*,0.89,-1.5,1.04,20250120000049
伊普斯维奇 vs 曼彻斯特城,0-6,0-3,36*,0.88,-1.5,1.05,20250119235835
伊普斯维奇 vs 曼彻斯特城,0-6,0-3,36*,0.86,-1.5,1.07,20250119235233
伊普斯维奇 vs 曼彻斯特城,0-6,0-3,36*,0.85,-1.5,1.08,20250119234944
伊普斯维奇 vs 曼彻斯特城,0-6,0-3,36*,0.86,-1.5,1.07,20250119234245
伊普斯维奇 vs 曼彻斯特城,0-6,0-3,36*,0.85,-1.5,1.08,20250119234033
伊普斯维奇 vs 曼彻斯特城,0-6,0-3,36*,1.06,-1.25,0.87,20250119233741
伊普斯维奇 vs 曼彻斯特城,0-6,0-3,36*,1.07,-1.25,0.86,20250119232605
伊普斯维奇 vs 曼彻斯特城,0-6,0-3,36*,1.03,-1.25,0.9,20250119232349
伊普斯维奇 vs 曼彻斯特城,0-6,0-3,36*,1.02,-1.25,0.91,20250119231449
伊普斯维奇 vs 曼彻斯特城,0-6,0-3,36*,1.01,-1.25,0.92,20250119231219
伊普斯维奇 vs 曼彻斯特城,0-6,0-3,36*,1.02,-1.25,0.91,20250119225758
伊普斯维奇 vs 曼彻斯特城,0-6,0-3,36*,0.99,-1.25,0.94,20250119225542
伊普斯维奇 vs 曼彻斯特城,0-6,0-3,36*,0.98,-1.25,0.95,20250119222838
伊普斯维奇 vs 曼彻斯特城,0-6,0-3,36*,0.99,-1.25,0.94,20250119222618
伊普斯维奇 vs 曼彻斯特城,0-6,0-3,36*,0.94,-1.25,0.99,20250119222151
伊普斯维奇 vs 曼彻斯特城,0-6,0-3,36*,0.93,-1.25,1.0,20250119221936
伊普斯维奇 vs 曼彻斯特城,0-6,0-3,36*,0.92,-1.25,1.01,20250119212808
伊普斯维奇 vs 曼彻斯特城,0-6,0-3,36*,0.91,-1.25,1.02,20250119212548
伊普斯维奇 vs 曼彻斯特城,0-6,0-3,36*,0.9,-1.25,1.03,20250119204415
伊普斯维奇 vs 曼彻斯特城,0-6,0-3,36*,0.88,-1.25,1.05,20250119203908
伊普斯维奇 vs 曼彻斯特城,0-6,0-3,36*,0.87,-1.25,1.06,20250119203646
伊普斯维奇 vs 曼彻斯特城,0-6,0-3,36*,0.84,-1.25,1.09,20250119202458
伊普斯维奇 vs 曼彻斯特城,0-6,0-3,36*,0.85,-1.25,1.08,20250119200041
伊普斯维奇 vs 曼彻斯特城,0-6,0-3,36*,0.84,-1.25,1.09,20250119193100
伊普斯维奇 vs 曼彻斯特城,0-6,0-3,36*,1.1,-1.0,0.83,20250119191910
伊普斯维奇 vs 曼彻斯特城,0-6,0-3,36*,1.09,-1.0,0.84,20250119191645
伊普斯维奇 vs 曼彻斯特城,0-6,0-3,36*,0.87,-1.25,1.06,20250119191055
伊普斯维奇 vs 曼彻斯特城,0-6,0-3,36*,0.92,-1.25,1.01,20250119190546
伊普斯维奇 vs 曼彻斯特城,0-6,0-3,36*,0.87,-1.25,1.06,20250119190508
伊普斯维奇 vs 曼彻斯特城,0-6,0-3,36*,1.02,-1.25,0.91,20250119190100
伊普斯维奇 vs 曼彻斯特城,0-6,0-3,36*,1.01,-1.25,0.92,20250119185615
伊普斯维奇 vs 曼彻斯特城,0-6,0-3,36*,1.02,-1.25,0.91,20250119172014
伊普斯维奇 vs 曼彻斯特城,0-6,0-3,36*,1.03,-1.25,0.9,20250119171357
伊普斯维奇 vs 曼彻斯特城,0-6,0-3,36*,1.02,-1.25,0.91,20250119164434
伊普斯维奇 vs 曼彻斯特城,0-6,0-3,36*,1.03,-1.25,0.9,20250119162140
伊普斯维奇 vs 曼彻斯特城,0-6,0-3,36*,1.02,-1.25,0.91,20250119154729
伊普斯维奇 vs 曼彻斯特城,0-6,0-3,36*,1.03,-1.25,0.9,20250119152955
伊普斯维奇 vs 曼彻斯特城,0-6,0-3,36*,1.06,-1.25,0.87,20250119152445
伊普斯维奇 vs 曼彻斯特城,0-6,0-3,36*,1.07,-1.25,0.86,20250119143435
伊普斯维奇 vs 曼彻斯特城,0-6,0-3,36*,0.84,-1.5,1.06,20250119143118
伊普斯维奇 vs 曼彻斯特城,0-6,0-3,36*,1.05,-1.25,0.85,20250119133341
伊普斯维奇 vs 曼彻斯特城,0-6,0-3,36*,1.06,-1.25,0.84,20250119133021
伊普斯维奇 vs 曼彻斯特城,0-6,0-3,36*,0.84,-1.5,1.06,20250119121830
伊普斯维奇 vs 曼彻斯特城,0-6,0-3,36*,0.85,-1.5,1.05,20250119113201
伊普斯维奇 vs 曼彻斯特城,0-6,0-3,36*,0.86,-1.5,1.04,20250119110458
伊普斯维奇 vs 曼彻斯特城,0-6,0-3,36*,0.85,-1.5,1.05,20250119095108
伊普斯维奇 vs 曼彻斯特城,0-6,0-3,36*,0.84,-1.5,1.06,20250119073431
伊普斯维奇 vs 曼彻斯特城,0-6,0-3,36*,0.85,-1.5,1.05,20250119053640
伊普斯维奇 vs 曼彻斯特城,0-6,0-3,36*,0.86,-1.5,1.04,20250119040200
伊普斯维奇 vs 曼彻斯特城,0-6,0-3,36*,0.87,-1.5,1.03,20250119035855
伊普斯维奇 vs 曼彻斯特城,0-6,0-3,36*,0.9,-1.5,1.0,20250119031502
伊普斯维奇 vs 曼彻斯特城,0-6,0-3,36*,0.89,-1.5,1.01,20250119003607
伊普斯维奇 vs 曼彻斯特城,0-6,0-3,36*,0.88,-1.5,1.02,20250118201727
伊普斯维奇 vs 曼彻斯特城,0-6,0-3,36*,0.89,-1.5,1.01,20250118185538
伊普斯维奇 vs 曼彻斯特城,0-6,0-3,36*,0.88,-1.5,1.02,20250118140304
伊普斯维奇 vs 曼彻斯特城,0-6,0-3,36*,0.89,-1.5,1.01,20250118013108
伊普斯维奇 vs 曼彻斯特城,0-6,0-3,36*,0.9,-1.5,1.0,20250117230030
伊普斯维奇 vs 曼彻斯特城,0-6,0-3,36*,0.92,-1.5,0.98,20250117204350
伊普斯维奇 vs 曼彻斯特城,0-6,0-3,36*,0.93,-1.5,0.97,20250117193746
伊普斯维奇 vs 曼彻斯特城,0-6,0-3,36*,0.95,-1.5,0.95,20250116230645
伊普斯维奇 vs 曼彻斯特城,0-6,0-3,36*,0.93,-1.5,0.97,20250116162639
伊普斯维奇 vs 曼彻斯特城,0-6,0-3,36*,0.95,-1.5,0.95,20250115192355
伊普斯维奇 vs 曼彻斯特城,0-6,0-3,36*,0.98,-1.5,0.92,20250115181531
伊普斯维奇 vs 曼彻斯特城,0-6,0-3,36*,0.97,-1.5,0.93,20250115174547
伊普斯维奇 vs 曼彻斯特城,0-6,0-3,36*,0.98,-1.5,0.92,20250115070844
伊普斯维奇 vs 曼彻斯特城,0-6,0-3,36*,0.99,-1.5,0.91,20250114231651
伊普斯维奇 vs 曼彻斯特城,0-6,0-3,36*,1.0,-1.5,0.9,20250114151626
伊普斯维奇 vs 曼彻斯特城,0-6,0-3,36*,1.01,-1.5,0.89,20250113022631
伊普斯维奇 vs 曼彻斯特城,0-6,0-3,36*,0.99,-1.5,0.91,20250112050631
伊普斯维奇 vs 曼彻斯特城,0-6,0-3,36*,0.95,-1.5,0.95,20250112021058
伊普斯维奇 vs 曼彻斯特城,0-6,0-3,36*,0.91,-1.5,0.99,20250110113559
伊普斯维奇 vs 曼彻斯特城,0-6,0-3,36*,0.92,-1.5,0.98,20250107014132
伊普斯维奇 vs 曼彻斯特城,0-6,0-3,36*,0.95,-1.5,0.95,20250106070333
伊普斯维奇 vs 曼彻斯特城,0-6,0-3,36*,1.03,-1.5,0.87,20250106063247
伊普斯维奇 vs 曼彻斯特城,0-6,0-3,36*,0.87,-1.75,1.03,20250106000527
伊普斯维奇 vs 曼彻斯特城,0-6,0-3,36*,1.0,-1.5,0.9,20250105020414
伊普斯维奇 vs 曼彻斯特城,0-6,0-3,易*,0.84,-1.5,1.09,20250120002844
伊普斯维奇 vs 曼彻斯特城,0-6,0-3,易*,0.86,-1.5,1.07,20250120002804
伊普斯维奇 vs 曼彻斯特城,0-6,0-3,易*,0.87,-1.5,1.06,20250120002724
伊普斯维奇 vs 曼彻斯特城,0-6,0-3,易*,0.88,-1.5,1.06,20250120002644
伊普斯维奇 vs 曼彻斯特城,0-6,0-3,易*,0.87,-1.5,1.07,20250120002354
伊普斯维奇 vs 曼彻斯特城,0-6,0-3,易*,0.84,-1.5,1.09,20250120002314
伊普斯维奇 vs 曼彻斯特城,0-6,0-3,易*,0.85,-1.5,1.08,20250120002113
伊普斯维奇 vs 曼彻斯特城,0-6,0-3,易*,0.88,-1.5,1.06,20250120001513
伊普斯维奇 vs 曼彻斯特城,0-6,0-3,易*,0.87,-1.5,1.06,20250120001433
伊普斯维奇 vs 曼彻斯特城,0-6,0-3,易*,0.87,-1.5,1.07,20250120001313
伊普斯维奇 vs 曼彻斯特城,0-6,0-3,易*,0.85,-1.5,1.08,20250120001154
伊普斯维奇 vs 曼彻斯特城,0-6,0-3,易*,0.86,-1.5,1.08,20250120000912
伊普斯维奇 vs 曼彻斯特城,0-6,0-3,易*,0.87,-1.5,1.07,20250120000712
伊普斯维奇 vs 曼彻斯特城,0-6,0-3,易*,0.87,-1.5,1.06,20250120000552
伊普斯维奇 vs 曼彻斯特城,0-6,0-3,易*,0.86,-1.5,1.07,20250120000311
伊普斯维奇 vs 曼彻斯特城,0-6,0-3,易*,0.85,-1.5,1.08,20250120000151
伊普斯维奇 vs 曼彻斯特城,0-6,0-3,易*,0.84,-1.5,1.09,20250119235952
伊普斯维奇 vs 曼彻斯特城,0-6,0-3,易*,0.86,-1.5,1.08,20250119235911
伊普斯维奇 vs 曼彻斯特城,0-6,0-3,易*,0.87,-1.5,1.07,20250119235831
伊普斯维奇 vs 曼彻斯特城,0-6,0-3,易*,0.89,-1.5,1.05,20250119235631
伊普斯维奇 vs 曼彻斯特城,0-6,0-3,易*,0.89,-1.5,1.04,20250119235512
伊普斯维奇 vs 曼彻斯特城,0-6,0-3,易*,0.87,-1.5,1.06,20250119235333
伊普斯维奇 vs 曼彻斯特城,0-6,0-3,易*,0.87,-1.5,1.07,20250119235253
伊普斯维奇 vs 曼彻斯特城,0-6,0-3,易*,0.85,-1.5,1.08,20250119235133
伊普斯维奇 vs 曼彻斯特城,0-6,0-3,易*,1.08,-1.25,0.85,20250119234653
伊普斯维奇 vs 曼彻斯特城,0-6,0-3,易*,1.04,-1.25,0.78,20250119234612
伊普斯维奇 vs 曼彻斯特城,0-6,0-3,易*,1.09,-1.25,0.84,20250119234012
伊普斯维奇 vs 曼彻斯特城,0-6,0-3,易*,1.07,-1.25,0.86,20250119233932
伊普斯维奇 vs 曼彻斯特城,0-6,0-3,易*,1.06,-1.25,0.87,20250119233732
伊普斯维奇 vs 曼彻斯特城,0-6,0-3,易*,1.05,-1.25,0.88,20250119233531
伊普斯维奇 vs 曼彻斯特城,0-6,0-3,易*,1.07,-1.25,0.87,20250119233451
伊普斯维奇 vs 曼彻斯特城,0-6,0-3,易*,1.05,-1.25,0.88,20250119233338
伊普斯维奇 vs 曼彻斯特城,0-6,0-3,易*,1.07,-1.25,0.86,20250119232938
伊普斯维奇 vs 曼彻斯特城,0-6,0-3,易*,1.06,-1.25,0.87,20250119232458
伊普斯维奇 vs 曼彻斯特城,0-6,0-3,易*,1.08,-1.25,0.86,20250119232419
伊普斯维奇 vs 曼彻斯特城,0-6,0-3,易*,1.07,-1.25,0.86,20250119232339
伊普斯维奇 vs 曼彻斯特城,0-6,0-3,易*,1.05,-1.25,0.88,20250119232218
伊普斯维奇 vs 曼彻斯特城,0-6,0-3,易*,1.03,-1.25,0.9,20250119231859
伊普斯维奇 vs 曼彻斯特城,0-6,0-3,易*,1.02,-1.25,0.91,20250119231336
伊普斯维奇 vs 曼彻斯特城,0-6,0-3,易*,1.01,-1.25,0.92,20250119231059
伊普斯维奇 vs 曼彻斯特城,0-6,0-3,易*,1.0,-1.25,0.93,20250119230922
伊普斯维奇 vs 曼彻斯特城,0-6,0-3,易*,1.03,-1.25,0.91,20250119230026
伊普斯维奇 vs 曼彻斯特城,0-6,0-3,易*,1.01,-1.25,0.92,20250119225706
伊普斯维奇 vs 曼彻斯特城,0-6,0-3,易*,1.02,-1.25,0.91,20250119225546
伊普斯维奇 vs 曼彻斯特城,0-6,0-3,易*,0.99,-1.25,0.94,20250119225213
伊普斯维奇 vs 曼彻斯特城,0-6,0-3,易*,0.99,-1.25,0.95,20250119222857
伊普斯维奇 vs 曼彻斯特城,0-6,0-3,易*,0.98,-1.25,0.95,20250119222807
伊普斯维奇 vs 曼彻斯特城,0-6,0-3,易*,0.99,-1.25,0.94,20250119222506
伊普斯维奇 vs 曼彻斯特城,0-6,0-3,易*,0.95,-1.25,0.98,20250119222026
伊普斯维奇 vs 曼彻斯特城,0-6,0-3,易*,0.94,-1.25,0.99,20250119221345
伊普斯维奇 vs 曼彻斯特城,0-6,0-3,易*,0.93,-1.25,1.0,20250119221145
伊普斯维奇 vs 曼彻斯特城,0-6,0-3,易*,0.92,-1.25,1.01,20250119212944
伊普斯维奇 vs 曼彻斯特城,0-6,0-3,易*,0.93,-1.25,1.01,20250119212823
伊普斯维奇 vs 曼彻斯特城,0-6,0-3,易*,0.92,-1.25,1.01,20250119212624
伊普斯维奇 vs 曼彻斯特城,0-6,0-3,易*,0.91,-1.25,1.02,20250119212543
伊普斯维奇 vs 曼彻斯特城,0-6,0-3,易*,0.92,-1.25,1.02,20250119212423
伊普斯维奇 vs 曼彻斯特城,0-6,0-3,易*,0.9,-1.25,1.03,20250119205744
伊普斯维奇 vs 曼彻斯特城,0-6,0-3,易*,0.89,-1.25,1.04,20250119204306
伊普斯维奇 vs 曼彻斯特城,0-6,0-3,易*,0.91,-1.25,1.03,20250119204226
伊普斯维奇 vs 曼彻斯特城,0-6,0-3,易*,0.89,-1.25,1.04,20250119203946
伊普斯维奇 vs 曼彻斯特城,0-6,0-3,易*,0.88,-1.25,1.05,20250119203731
伊普斯维奇 vs 曼彻斯特城,0-6,0-3,易*,0.86,-1.25,1.07,20250119203411
伊普斯维奇 vs 曼彻斯特城,0-6,0-3,易*,0.87,-1.25,1.07,20250119203330
伊普斯维奇 vs 曼彻斯特城,0-6,0-3,易*,0.85,-1.25,1.08,20250119203210
伊普斯维奇 vs 曼彻斯特城,0-6,0-3,易*,0.86,-1.25,1.07,20250119203050
伊普斯维奇 vs 曼彻斯特城,0-6,0-3,易*,0.86,-1.25,1.08,20250119200705
伊普斯维奇 vs 曼彻斯特城,0-6,0-3,易*,0.85,-1.25,1.08,20250119195904
伊普斯维奇 vs 曼彻斯特城,0-6,0-3,易*,0.84,-1.25,1.09,20250119193206
伊普斯维奇 vs 曼彻斯特城,0-6,0-3,易*,1.11,-1.0,0.83,20250119193126
伊普斯维奇 vs 曼彻斯特城,0-6,0-3,易*,1.1,-1.0,0.84,20250119192234
伊普斯维奇 vs 曼彻斯特城,0-6,0-3,易*,1.11,-1.0,0.83,20250119191634
伊普斯维奇 vs 曼彻斯特城,0-6,0-3,易*,1.1,-1.0,0.83,20250119191433
伊普斯维奇 vs 曼彻斯特城,0-6,0-3,易*,1.09,-1.0,0.84,20250119191153
伊普斯维奇 vs 曼彻斯特城,0-6,0-3,易*,0.84,-1.25,1.09,20250119191032
伊普斯维奇 vs 曼彻斯特城,0-6,0-3,易*,0.85,-1.25,1.08,20250119190912
伊普斯维奇 vs 曼彻斯特城,0-6,0-3,易*,0.87,-1.25,1.06,20250119190632
伊普斯维奇 vs 曼彻斯特城,0-6,0-3,易*,0.95,-1.25,0.98,20250119190352
伊普斯维奇 vs 曼彻斯特城,0-6,0-3,易*,1.0,-1.25,0.94,20250119190232
伊普斯维奇 vs 曼彻斯特城,0-6,0-3,易*,0.99,-1.25,0.94,20250119190112
伊普斯维奇 vs 曼彻斯特城,0-6,0-3,易*,1.01,-1.25,0.92,20250119184543
伊普斯维奇 vs 曼彻斯特城,0-6,0-3,易*,1.03,-1.25,0.91,20250119172025
伊普斯维奇 vs 曼彻斯特城,0-6,0-3,易*,1.04,-1.25,0.9,20250119170303
伊普斯维奇 vs 曼彻斯特城,0-6,0-3,易*,1.03,-1.25,0.91,20250119164131
伊普斯维奇 vs 曼彻斯特城,0-6,0-3,易*,1.02,-1.25,0.91,20250119163730
伊普斯维奇 vs 曼彻斯特城,0-6,0-3,易*,1.01,-1.25,0.92,20250119163450
伊普斯维奇 vs 曼彻斯特城,0-6,0-3,易*,1.03,-1.25,0.9,20250119163043
伊普斯维奇 vs 曼彻斯特城,0-6,0-3,易*,1.04,-1.25,0.9,20250119161441
伊普斯维奇 vs 曼彻斯特城,0-6,0-3,易*,1.03,-1.25,0.9,20250119161054
伊普斯维奇 vs 曼彻斯特城,0-6,0-3,易*,1.03,-1.25,0.91,20250119154530
伊普斯维奇 vs 曼彻斯特城,0-6,0-3,易*,1.02,-1.25,0.91,20250119152818
伊普斯维奇 vs 曼彻斯特城,0-6,0-3,易*,1.03,-1.25,0.9,20250119152658
伊普斯维奇 vs 曼彻斯特城,0-6,0-3,易*,1.04,-1.25,0.9,20250119152618
伊普斯维奇 vs 曼彻斯特城,0-6,0-3,易*,1.03,-1.25,0.9,20250119152537
伊普斯维奇 vs 曼彻斯特城,0-6,0-3,易*,1.04,-1.25,0.89,20250119152457
伊普斯维奇 vs 曼彻斯特城,0-6,0-3,易*,1.06,-1.25,0.87,20250119151457
伊普斯维奇 vs 曼彻斯特城,0-6,0-3,易*,1.07,-1.25,0.86,20250119143420
伊普斯维奇 vs 曼彻斯特城,0-6,0-3,易*,0.85,-1.5,1.06,20250119142910
伊普斯维奇 vs 曼彻斯特城,0-6,0-3,易*,0.79,-1.5,1.03,20250119133506
伊普斯维奇 vs 曼彻斯特城,0-6,0-3,易*,0.85,-1.5,1.08,20250119123521
伊普斯维奇 vs 曼彻斯特城,0-6,0-3,易*,0.85,-1.5,1.06,20250119121705
伊普斯维奇 vs 曼彻斯特城,0-6,0-3,易*,0.86,-1.5,1.07,20250119121545
伊普斯维奇 vs 曼彻斯特城,0-6,0-3,易*,0.87,-1.5,1.06,20250119121505
伊普斯维奇 vs 曼彻斯特城,0-6,0-3,易*,0.89,-1.5,1.04,20250119120804
伊普斯维奇 vs 曼彻斯特城,0-6,0-3,易*,0.86,-1.5,1.05,20250119113047
伊普斯维奇 vs 曼彻斯特城,0-6,0-3,易*,0.87,-1.5,1.04,20250119110509
伊普斯维奇 vs 曼彻斯特城,0-6,0-3,易*,0.89,-1.5,1.04,20250119110209
伊普斯维奇 vs 曼彻斯特城,0-6,0-3,易*,0.9,-1.5,1.03,20250119104150
伊普斯维奇 vs 曼彻斯特城,0-6,0-3,易*,0.86,-1.5,1.05,20250119093909
伊普斯维奇 vs 曼彻斯特城,0-6,0-3,易*,0.85,-1.5,1.06,20250119072808
伊普斯维奇 vs 曼彻斯特城,0-6,0-3,易*,0.86,-1.5,1.05,20250119053012
伊普斯维奇 vs 曼彻斯特城,0-6,0-3,易*,0.87,-1.5,1.04,20250119040629
伊普斯维奇 vs 曼彻斯特城,0-6,0-3,易*,0.89,-1.5,1.04,20250119035528
伊普斯维奇 vs 曼彻斯特城,0-6,0-3,易*,0.91,-1.5,1.0,20250119031345
伊普斯维奇 vs 曼彻斯特城,0-6,0-3,易*,0.93,-1.5,1.0,20250119030244
伊普斯维奇 vs 曼彻斯特城,0-6,0-3,易*,0.92,-1.5,0.99,20250119004946
伊普斯维奇 vs 曼彻斯特城,0-6,0-3,易*,0.9,-1.5,1.01,20250119000425
伊普斯维奇 vs 曼彻斯特城,0-6,0-3,易*,0.92,-1.5,0.99,20250118192048
伊普斯维奇 vs 曼彻斯特城,0-6,0-3,易*,0.89,-1.5,1.02,20250118190328
伊普斯维奇 vs 曼彻斯特城,0-6,0-3,易*,0.92,-1.5,0.99,20250118171535
伊普斯维奇 vs 曼彻斯特城,0-6,0-3,易*,0.9,-1.5,1.01,20250118165714
伊普斯维奇 vs 曼彻斯特城,0-6,0-3,易*,0.92,-1.5,0.99,20250118155844
伊普斯维奇 vs 曼彻斯特城,0-6,0-3,易*,0.89,-1.5,1.02,20250118132838
伊普斯维奇 vs 曼彻斯特城,0-6,0-3,易*,0.9,-1.5,1.01,20250118105544
伊普斯维奇 vs 曼彻斯特城,0-6,0-3,易*,0.92,-1.5,0.99,20250118045628
伊普斯维奇 vs 曼彻斯特城,0-6,0-3,易*,0.9,-1.5,1.01,20250118012317
伊普斯维奇 vs 曼彻斯特城,0-6,0-3,易*,0.92,-1.5,0.99,20250117220519
伊普斯维奇 vs 曼彻斯特城,0-6,0-3,易*,0.91,-1.5,1.0,20250117220411
伊普斯维奇 vs 曼彻斯特城,0-6,0-3,易*,0.93,-1.5,0.98,20250117194307
伊普斯维奇 vs 曼彻斯特城,0-6,0-3,易*,0.94,-1.5,0.97,20250117193907
伊普斯维奇 vs 曼彻斯特城,0-6,0-3,易*,0.97,-1.5,0.94,20250117193818
伊普斯维奇 vs 曼彻斯特城,0-6,0-3,易*,0.96,-1.5,0.95,20250117135656
伊普斯维奇 vs 曼彻斯特城,0-6,0-3,易*,0.94,-1.5,0.93,20250117133936
伊普斯维奇 vs 曼彻斯特城,0-6,0-3,易*,0.94,-1.5,0.94,20250117120150
伊普斯维奇 vs 曼彻斯特城,0-6,0-3,易*,0.95,-1.5,0.93,20250117053214
伊普斯维奇 vs 曼彻斯特城,0-6,0-3,易*,1.14,-1.25,0.67,20250117052212
伊普斯维奇 vs 曼彻斯特城,0-6,0-3,易*,1.19,-1.25,0.72,20250117032404
伊普斯维奇 vs 曼彻斯特城,0-6,0-3,易*,0.95,-1.5,0.93,20250116205858
伊普斯维奇 vs 曼彻斯特城,0-6,0-3,易*,0.94,-1.5,0.94,20250116202617
伊普斯维奇 vs 曼彻斯特城,0-6,0-3,易*,0.92,-1.5,0.96,20250116161518
伊普斯维奇 vs 曼彻斯特城,0-6,0-3,易*,0.95,-1.5,0.93,20250116132753
伊普斯维奇 vs 曼彻斯特城,0-6,0-3,易*,0.94,-1.5,0.94,20250116120521
伊普斯维奇 vs 曼彻斯特城,0-6,0-3,易*,0.97,-1.5,0.91,20250116120420
伊普斯维奇 vs 曼彻斯特城,0-6,0-3,易*,0.94,-1.5,0.94,20250115191439
伊普斯维奇 vs 曼彻斯特城,0-6,0-3,易*,0.97,-1.5,0.91,20250115191235
伊普斯维奇 vs 曼彻斯特城,0-6,0-3,易*,0.96,-1.5,0.92,20250115172215
伊普斯维奇 vs 曼彻斯特城,0-6,0-3,易*,0.97,-1.5,0.91,20250115135706
伊普斯维奇 vs 曼彻斯特城,0-6,0-3,易*,0.98,-1.5,0.92,20250115111400
伊普斯维奇 vs 曼彻斯特城,0-6,0-3,易*,0.98,-1.5,0.9,20250115083513
伊普斯维奇 vs 曼彻斯特城,0-6,0-3,易*,0.97,-1.5,0.91,20250115065829
伊普斯维奇 vs 曼彻斯特城,0-6,0-3,易*,1.0,-1.5,0.88,20250115063915
伊普斯维奇 vs 曼彻斯特城,0-6,0-3,易*,0.98,-1.5,0.9,20250115015028
伊普斯维奇 vs 曼彻斯特城,0-6,0-3,易*,0.99,-1.5,0.89,20250114145550
伊普斯维奇 vs 曼彻斯特城,0-6,0-3,易*,1.0,-1.5,0.88,20250114120336
伊普斯维奇 vs 曼彻斯特城,0-6,0-3,易*,1.01,-1.5,0.87,20250113204537
伊普斯维奇 vs 曼彻斯特城,0-6,0-3,易*,1.0,-1.5,0.88,20250113200817
伊普斯维奇 vs 曼彻斯特城,0-6,0-3,易*,1.01,-1.5,0.87,20250113144649
伊普斯维奇 vs 曼彻斯特城,0-6,0-3,伟*,0.83,-1.5,1.05,20250120000213
伊普斯维奇 vs 曼彻斯特城,0-6,0-3,伟*,0.84,-1.5,1.04,20250119235852
伊普斯维奇 vs 曼彻斯特城,0-6,0-3,伟*,0.85,-1.5,1.02,20250119235747
伊普斯维奇 vs 曼彻斯特城,0-6,0-3,伟*,0.84,-1.5,1.04,20250119235628
伊普斯维奇 vs 曼彻斯特城,0-6,0-3,伟*,0.83,-1.5,1.05,20250119235515
伊普斯维奇 vs 曼彻斯特城,0-6,0-3,伟*,1.05,-1.25,0.83,20250119235311
伊普斯维奇 vs 曼彻斯特城,0-6,0-3,伟*,1.04,-1.25,0.84,20250119234740
伊普斯维奇 vs 曼彻斯特城,0-6,0-3,伟*,1.05,-1.25,0.83,20250119234625
伊普斯维奇 vs 曼彻斯特城,0-6,0-3,伟*,1.03,-1.25,0.84,20250119234003
伊普斯维奇 vs 曼彻斯特城,0-6,0-3,伟*,1.02,-1.25,0.85,20250119232752
伊普斯维奇 vs 曼彻斯特城,0-6,0-3,伟*,1.0,-1.25,0.86,20250119232505
伊普斯维奇 vs 曼彻斯特城,0-6,0-3,伟*,1.01,-1.25,0.86,20250119232358
伊普斯维奇 vs 曼彻斯特城,0-6,0-3,伟*,0.99,-1.25,0.88,20250119232240
伊普斯维奇 vs 曼彻斯特城,0-6,0-3,伟*,0.98,-1.25,0.89,20250119230116
伊普斯维奇 vs 曼彻斯特城,0-6,0-3,伟*,0.97,-1.25,0.9,20250119225843
伊普斯维奇 vs 曼彻斯特城,0-6,0-3,伟*,0.96,-1.25,0.91,20250119225630
伊普斯维奇 vs 曼彻斯特城,0-6,0-3,伟*,0.95,-1.25,0.92,20250119224853
伊普斯维奇 vs 曼彻斯特城,0-6,0-3,伟*,0.94,-1.25,0.92,20250119223036
伊普斯维奇 vs 曼彻斯特城,0-6,0-3,伟*,0.92,-1.25,0.94,20250119222918
伊普斯维奇 vs 曼彻斯特城,0-6,0-3,伟*,0.91,-1.25,0.96,20250119222543
伊普斯维奇 vs 曼彻斯特城,0-6,0-3,伟*,0.9,-1.25,0.97,20250119222438
伊普斯维奇 vs 曼彻斯特城,0-6,0-3,伟*,0.89,-1.25,0.98,20250119222207
伊普斯维奇 vs 曼彻斯特城,0-6,0-3,伟*,0.88,-1.25,0.99,20250119221420
伊普斯维奇 vs 曼彻斯特城,0-6,0-3,伟*,0.87,-1.25,1.0,20250119212629
伊普斯维奇 vs 曼彻斯特城,0-6,0-3,伟*,0.86,-1.25,1.01,20250119205619
伊普斯维奇 vs 曼彻斯特城,0-6,0-3,伟*,0.84,-1.25,1.03,20250119204008
伊普斯维奇 vs 曼彻斯特城,0-6,0-3,伟*,0.83,-1.25,1.05,20250119203333
伊普斯维奇 vs 曼彻斯特城,0-6,0-3,伟*,0.82,-1.25,1.06,20250119195852
伊普斯维奇 vs 曼彻斯特城,0-6,0-3,伟*,0.82,-1.25,1.07,20250119193130
伊普斯维奇 vs 曼彻斯特城,0-6,0-3,伟*,0.81,-1.25,1.07,20250119193001
伊普斯维奇 vs 曼彻斯特城,0-6,0-3,伟*,1.07,-1.0,0.81,20250119192313
伊普斯维奇 vs 曼彻斯特城,0-6,0-3,伟*,0.8,-1.25,1.08,20250119191741
伊普斯维奇 vs 曼彻斯特城,0-6,0-3,伟*,0.8,-1.25,1.09,20250119191628
伊普斯维奇 vs 曼彻斯特城,0-6,0-3,伟*,0.83,-1.25,1.05,20250119191516
伊普斯维奇 vs 曼彻斯特城,0-6,0-3,伟*,0.84,-1.25,1.03,20250119191403
伊普斯维奇 vs 曼彻斯特城,0-6,0-3,伟*,0.83,-1.25,1.05,20250119191135
伊普斯维奇 vs 曼彻斯特城,0-6,0-3,伟*,0.84,-1.25,1.03,20250119191017
伊普斯维奇 vs 曼彻斯特城,0-6,0-3,伟*,0.87,-1.25,1.0,20250119190853
伊普斯维奇 vs 曼彻斯特城,0-6,0-3,伟*,0.92,-1.25,0.94,20250119190731
伊普斯维奇 vs 曼彻斯特城,0-6,0-3,伟*,0.93,-1.25,0.93,20250119190617
伊普斯维奇 vs 曼彻斯特城,0-6,0-3,伟*,0.94,-1.25,0.92,20250119190455
伊普斯维奇 vs 曼彻斯特城,0-6,0-3,伟*,0.96,-1.25,0.91,20250119190330
伊普斯维奇 vs 曼彻斯特城,0-6,0-3,伟*,0.97,-1.25,0.9,20250119190214
伊普斯维奇 vs 曼彻斯特城,0-6,0-3,伟*,0.98,-1.25,0.89,20250119190052
伊普斯维奇 vs 曼彻斯特城,0-6,0-3,伟*,0.98,-1.25,0.88,20250119185421
伊普斯维奇 vs 曼彻斯特城,0-6,0-3,伟*,0.99,-1.25,0.88,20250119164856
伊普斯维奇 vs 曼彻斯特城,0-6,0-3,伟*,0.98,-1.25,0.88,20250119164211
伊普斯维奇 vs 曼彻斯特城,0-6,0-3,伟*,0.99,-1.25,0.88,20250119152721
伊普斯维奇 vs 曼彻斯特城,0-6,0-3,伟*,1.01,-1.25,0.86,20250119152607
伊普斯维奇 vs 曼彻斯特城,0-6,0-3,伟*,1.02,-1.25,0.85,20250119152455
伊普斯维奇 vs 曼彻斯特城,0-6,0-3,伟*,1.03,-1.25,0.84,20250119152159
伊普斯维奇 vs 曼彻斯特城,0-6,0-3,伟*,1.04,-1.25,0.84,20250119151614
伊普斯维奇 vs 曼彻斯特城,0-6,0-3,伟*,1.05,-1.25,0.83,20250119134745
伊普斯维奇 vs 曼彻斯特城,0-6,0-3,伟*,0.83,-1.5,1.05,20250119132112
伊普斯维奇 vs 曼彻斯特城,0-6,0-3,伟*,0.84,-1.5,1.04,20250119131940
伊普斯维奇 vs 曼彻斯特城,0-6,0-3,伟*,0.83,-1.5,1.05,20250119131703
伊普斯维奇 vs 曼彻斯特城,0-6,0-3,伟*,0.84,-1.5,1.03,20250119131244
伊普斯维奇 vs 曼彻斯特城,0-6,0-3,伟*,0.84,-1.5,1.04,20250119121736
伊普斯维奇 vs 曼彻斯特城,0-6,0-3,伟*,0.84,-1.5,1.03,20250119052940
伊普斯维奇 vs 曼彻斯特城,0-6,0-3,伟*,0.85,-1.5,1.03,20250119052026
伊普斯维奇 vs 曼彻斯特城,0-6,0-3,伟*,0.84,-1.5,1.03,20250119040515
伊普斯维奇 vs 曼彻斯特城,0-6,0-3,伟*,0.85,-1.5,1.02,20250119035549
伊普斯维奇 vs 曼彻斯特城,0-6,0-3,伟*,0.87,-1.5,1.0,20250119035420
伊普斯维奇 vs 曼彻斯特城,0-6,0-3,伟*,0.89,-1.5,0.98,20250119031911
伊普斯维奇 vs 曼彻斯特城,0-6,0-3,伟*,0.88,-1.5,0.98,20250119031740
伊普斯维奇 vs 曼彻斯特城,0-6,0-3,伟*,0.88,-1.5,0.99,20250119031424
伊普斯维奇 vs 曼彻斯特城,0-6,0-3,伟*,0.87,-1.5,1.0,20250119003152
伊普斯维奇 vs 曼彻斯特城,0-6,0-3,伟*,0.84,-1.5,0.96,20250118211044
伊普斯维奇 vs 曼彻斯特城,0-6,0-3,伟*,0.83,-1.5,0.97,20250118210748
伊普斯维奇 vs 曼彻斯特城,0-6,0-3,伟*,0.84,-1.5,0.96,20250118195339
伊普斯维奇 vs 曼彻斯特城,0-6,0-3,伟*,0.84,-1.5,0.97,20250118195022
伊普斯维奇 vs 曼彻斯特城,0-6,0-3,伟*,0.84,-1.5,0.96,20250118192739
伊普斯维奇 vs 曼彻斯特城,0-6,0-3,伟*,0.84,-1.5,0.95,20250118170309
伊普斯维奇 vs 曼彻斯特城,0-6,0-3,伟*,0.84,-1.5,0.96,20250118042909
伊普斯维奇 vs 曼彻斯特城,0-6,0-3,伟*,0.84,-1.5,0.95,20250117220639
伊普斯维奇 vs 曼彻斯特城,0-6,0-3,伟*,0.87,-1.5,0.92,20250117194130
伊普斯维奇 vs 曼彻斯特城,0-6,0-3,伟*,0.88,-1.5,0.91,20250117193739
伊普斯维奇 vs 曼彻斯特城,0-6,0-3,伟*,0.89,-1.5,0.9,20250117184646
伊普斯维奇 vs 曼彻斯特城,0-6,0-3,伟*,0.9,-1.5,0.89,20250117184313
伊普斯维奇 vs 曼彻斯特城,0-6,0-3,伟*,0.91,-1.5,0.88,20250117181326
伊普斯维奇 vs 曼彻斯特城,0-6,0-3,伟*,0.91,-1.5,0.89,20250117180954
伊普斯维奇 vs 曼彻斯特城,0-6,0-3,伟*,0.9,-1.5,0.89,20250117174541
伊普斯维奇 vs 曼彻斯特城,0-6,0-3,伟*,0.89,-1.5,0.9,20250116203837
伊普斯维奇 vs 曼彻斯特城,0-6,0-3,伟*,0.88,-1.5,0.91,20250116161715
伊普斯维奇 vs 曼彻斯特城,0-6,0-3,伟*,0.89,-1.5,0.9,20250116132935
伊普斯维奇 vs 曼彻斯特城,0-6,0-3,伟*,0.9,-1.5,0.89,20250115191818
伊普斯维奇 vs 曼彻斯特城,0-6,0-3,伟*,0.91,-1.5,0.88,20250115191514
伊普斯维奇 vs 曼彻斯特城,0-6,0-3,伟*,0.93,-1.5,0.86,20250115071540
伊普斯维奇 vs 曼彻斯特城,0-6,0-3,伟*,0.94,-1.5,0.85,20250115063900
伊普斯维奇 vs 曼彻斯特城,0-6,0-3,伟*,0.93,-1.5,0.86,20250115053329
伊普斯维奇 vs 曼彻斯特城,0-6,0-3,伟*,0.94,-1.5,0.85,20250115034835
伊普斯维奇 vs 曼彻斯特城,0-6,0-3,伟*,0.95,-1.5,0.84,20250115022734
伊普斯维奇 vs 曼彻斯特城,0-6,0-3,伟*,0.94,-1.5,0.85,20250115022509
伊普斯维奇 vs 曼彻斯特城,0-6,0-3,伟*,0.95,-1.5,0.84,20250114225526
伊普斯维奇 vs 曼彻斯特城,0-6,0-3,伟*,0.94,-1.5,0.85,20250114194716
伊普斯维奇 vs 曼彻斯特城,0-6,0-3,伟*,0.95,-1.5,0.84,20250114150905
伊普斯维奇 vs 曼彻斯特城,0-6,0-3,伟*,0.96,-1.5,0.84,20250114141637
伊普斯维奇 vs 曼彻斯特城,0-6,0-3,伟*,0.95,-1.5,0.84,20250114141118
伊普斯维奇 vs 曼彻斯特城,0-6,0-3,伟*,0.96,-1.5,0.84,20250114104237
伊普斯维奇 vs 曼彻斯特城,0-6,0-3,伟*,0.97,-1.5,0.83,20250114093622
伊普斯维奇 vs 曼彻斯特城,0-6,0-3,伟*,0.96,-1.5,0.84,20250114082312
伊普斯维奇 vs 曼彻斯特城,0-6,0-3,伟*,0.97,-1.5,0.83,20250114081429
伊普斯维奇 vs 曼彻斯特城,0-6,0-3,伟*,0.96,-1.5,0.84,20250114054250
伊普斯维奇 vs 曼彻斯特城,0-6,0-3,伟*,0.95,-1.5,0.84,20250114044430
伊普斯维奇 vs 曼彻斯特城,0-6,0-3,伟*,0.96,-1.5,0.84,20250114000313
伊普斯维奇 vs 曼彻斯特城,0-6,0-3,伟*,0.95,-1.5,0.85,20250113232728
伊普斯维奇 vs 曼彻斯特城,0-6,0-3,伟*,0.95,-1.5,0.84,20250113232415
伊普斯维奇 vs 曼彻斯特城,0-6,0-3,伟*,0.95,-1.5,0.85,20250113204702
伊普斯维奇 vs 曼彻斯特城,0-6,0-3,伟*,0.94,-1.5,0.85,20250113204417
伊普斯维奇 vs 曼彻斯特城,0-6,0-3,伟*,0.95,-1.5,0.85,20250113190405
伊普斯维奇 vs 曼彻斯特城,0-6,0-3,伟*,0.95,-1.5,0.84,20250113121920
伊普斯维奇 vs 曼彻斯特城,0-6,0-3,伟*,0.94,-1.5,0.85,20250113115503
伊普斯维奇 vs 曼彻斯特城,0-6,0-3,伟*,0.95,-1.5,0.85,20250113115212
伊普斯维奇 vs 曼彻斯特城,0-6,0-3,伟*,0.95,-1.5,0.84,20250113110627
伊普斯维奇 vs 曼彻斯特城,0-6,0-3,伟*,0.95,-1.5,0.85,20250113110320
伊普斯维奇 vs 曼彻斯特城,0-6,0-3,伟*,0.95,-1.5,0.84,20250113084516
伊普斯维奇 vs 曼彻斯特城,0-6,0-3,伟*,0.94,-1.5,0.85,20250112225350
伊普斯维奇 vs 曼彻斯特城,0-6,0-3,伟*,0.93,-1.5,0.86,20250112062851
伊普斯维奇 vs 曼彻斯特城,0-6,0-3,伟*,0.92,-1.5,0.87,20250112021337
伊普斯维奇 vs 曼彻斯特城,0-6,0-3,伟*,0.91,-1.5,0.88,20250112021125
伊普斯维奇 vs 曼彻斯特城,0-6,0-3,伟*,0.87,-1.5,0.92,20250111150418
伊普斯维奇 vs 曼彻斯特城,0-6,0-3,伟*,0.88,-1.5,0.91,20250111150131
伊普斯维奇 vs 曼彻斯特城,0-6,0-3,伟*,0.87,-1.5,0.92,20250110155837
伊普斯维奇 vs 曼彻斯特城,0-6,0-3,伟*,0.88,-1.5,0.91,20250110155639
伊普斯维奇 vs 曼彻斯特城,0-6,0-3,伟*,0.87,-1.5,0.92,20250110112835
伊普斯维奇 vs 曼彻斯特城,0-6,0-3,伟*,0.89,-1.5,0.9,20250110103718
伊普斯维奇 vs 曼彻斯特城,0-6,0-3,伟*,0.88,-1.5,0.91,20250110102555
伊普斯维奇 vs 曼彻斯特城,0-6,0-3,伟*,0.89,-1.5,0.9,20250110091913
伊普斯维奇 vs 曼彻斯特城,0-6,0-3,伟*,0.88,-1.5,0.91,20250110085212
伊普斯维奇 vs 曼彻斯特城,0-6,0-3,伟*,0.89,-1.5,0.9,20250110083109
伊普斯维奇 vs 曼彻斯特城,0-6,0-3,伟*,0.88,-1.5,0.91,20250110082238
伊普斯维奇 vs 曼彻斯特城,0-6,0-3,伟*,0.89,-1.5,0.9,20250110081830
伊普斯维奇 vs 曼彻斯特城,0-6,0-3,伟*,0.88,-1.5,0.91,20250110081419
伊普斯维奇 vs 曼彻斯特城,0-6,0-3,伟*,0.89,-1.5,0.9,20250110080959
伊普斯维奇 vs 曼彻斯特城,0-6,0-3,伟*,0.88,-1.5,0.91,20250110080552
伊普斯维奇 vs 曼彻斯特城,0-6,0-3,伟*,0.89,-1.5,0.9,20250110075310
伊普斯维奇 vs 曼彻斯特城,0-6,0-3,伟*,0.88,-1.5,0.91,20250110062315
伊普斯维奇 vs 曼彻斯特城,0-6,0-3,伟*,0.89,-1.5,0.9,20250110061346
伊普斯维奇 vs 曼彻斯特城,0-6,0-3,伟*,0.88,-1.5,0.91,20250110044708
伊普斯维奇 vs 曼彻斯特城,0-6,0-3,伟*,0.89,-1.5,0.9,20250110043418
伊普斯维奇 vs 曼彻斯特城,0-6,0-3,伟*,0.88,-1.5,0.91,20250110030205
伊普斯维奇 vs 曼彻斯特城,0-6,0-3,伟*,0.89,-1.5,0.9,20250110025736
伊普斯维奇 vs 曼彻斯特城,0-6,0-3,伟*,0.88,-1.5,0.91,20250110023627
伊普斯维奇 vs 曼彻斯特城,0-6,0-3,伟*,0.89,-1.5,0.9,20250110011551
伊普斯维奇 vs 曼彻斯特城,0-6,0-3,伟*,0.88,-1.5,0.91,20250110005944
伊普斯维奇 vs 曼彻斯特城,0-6,0-3,伟*,0.89,-1.5,0.9,20250110005531
伊普斯维奇 vs 曼彻斯特城,0-6,0-3,伟*,0.88,-1.5,0.91,20250110005319
伊普斯维奇 vs 曼彻斯特城,0-6,0-3,伟*,0.89,-1.5,0.9,20250110004411
伊普斯维奇 vs 曼彻斯特城,0-6,0-3,伟*,0.88,-1.5,0.91,20250110002540
伊普斯维奇 vs 曼彻斯特城,0-6,0-3,伟*,0.89,-1.5,0.9,20250110001500
伊普斯维奇 vs 曼彻斯特城,0-6,0-3,伟*,0.88,-1.5,0.91,20250109235638
伊普斯维奇 vs 曼彻斯特城,0-6,0-3,伟*,0.89,-1.5,0.9,20250109210806
伊普斯维奇 vs 曼彻斯特城,0-6,0-3,伟*,0.88,-1.5,0.91,20250109204822
伊普斯维奇 vs 曼彻斯特城,0-6,0-3,伟*,0.89,-1.5,0.9,20250109204327
伊普斯维奇 vs 曼彻斯特城,0-6,0-3,伟*,0.88,-1.5,0.91,20250109200327
伊普斯维奇 vs 曼彻斯特城,0-6,0-3,伟*,0.89,-1.5,0.9,20250109193149
伊普斯维奇 vs 曼彻斯特城,0-6,0-3,伟*,0.88,-1.5,0.91,20250109192650
伊普斯维奇 vs 曼彻斯特城,0-6,0-3,伟*,0.89,-1.5,0.9,20250109175058
伊普斯维奇 vs 曼彻斯特城,0-6,0-3,伟*,0.88,-1.5,0.91,20250109174050
伊普斯维奇 vs 曼彻斯特城,0-6,0-3,伟*,0.89,-1.5,0.9,20250109173841
伊普斯维奇 vs 曼彻斯特城,0-6,0-3,伟*,0.88,-1.5,0.91,20250109173416
伊普斯维奇 vs 曼彻斯特城,0-6,0-3,伟*,0.89,-1.5,0.9,20250109162018
伊普斯维奇 vs 曼彻斯特城,0-6,0-3,伟*,0.88,-1.5,0.91,20250109143316
伊普斯维奇 vs 曼彻斯特城,0-6,0-3,伟*,0.89,-1.5,0.9,20250109142610
伊普斯维奇 vs 曼彻斯特城,0-6,0-3,伟*,0.9,-1.5,0.89,20250109142345
伊普斯维奇 vs 曼彻斯特城,0-6,0-3,伟*,0.88,-1.5,0.91,20250109134055
伊普斯维奇 vs 曼彻斯特城,0-6,0-3,伟*,0.89,-1.5,0.9,20250109133632
伊普斯维奇 vs 曼彻斯特城,0-6,0-3,伟*,0.88,-1.5,0.91,20250109132204
伊普斯维奇 vs 曼彻斯特城,0-6,0-3,伟*,0.89,-1.5,0.9,20250109131719
伊普斯维奇 vs 曼彻斯特城,0-6,0-3,伟*,0.88,-1.5,0.91,20250109131418
伊普斯维奇 vs 曼彻斯特城,0-6,0-3,伟*,0.89,-1.5,0.9,20250109124515
伊普斯维奇 vs 曼彻斯特城,0-6,0-3,伟*,0.88,-1.5,0.91,20250109124038
伊普斯维奇 vs 曼彻斯特城,0-6,0-3,伟*,0.89,-1.5,0.9,20250109123620
伊普斯维奇 vs 曼彻斯特城,0-6,0-3,伟*,0.9,-1.5,0.89,20250109123200
伊普斯维奇 vs 曼彻斯特城,0-6,0-3,伟*,0.88,-1.5,0.91,20250109121404
伊普斯维奇 vs 曼彻斯特城,0-6,0-3,伟*,0.89,-1.5,0.9,20250109092645
伊普斯维奇 vs 曼彻斯特城,0-6,0-3,伟*,0.88,-1.5,0.91,20250109091503
伊普斯维奇 vs 曼彻斯特城,0-6,0-3,伟*,0.89,-1.5,0.9,20250109091021
伊普斯维奇 vs 曼彻斯特城,0-6,0-3,伟*,0.88,-1.5,0.91,20250109080942
伊普斯维奇 vs 曼彻斯特城,0-6,0-3,伟*,0.89,-1.5,0.9,20250109075809
伊普斯维奇 vs 曼彻斯特城,0-6,0-3,伟*,0.88,-1.5,0.91,20250109064916
伊普斯维奇 vs 曼彻斯特城,0-6,0-3,伟*,0.89,-1.5,0.9,20250109064453
伊普斯维奇 vs 曼彻斯特城,0-6,0-3,伟*,0.88,-1.5,0.91,20250109062738
伊普斯维奇 vs 曼彻斯特城,0-6,0-3,伟*,0.89,-1.5,0.9,20250109061805
伊普斯维奇 vs 曼彻斯特城,0-6,0-3,伟*,0.88,-1.5,0.91,20250109061322
伊普斯维奇 vs 曼彻斯特城,0-6,0-3,伟*,0.89,-1.5,0.9,20250109060728
伊普斯维奇 vs 曼彻斯特城,0-6,0-3,伟*,0.88,-1.5,0.91,20250109055629
伊普斯维奇 vs 曼彻斯特城,0-6,0-3,伟*,0.9,-1.5,0.89,20250109055016
伊普斯维奇 vs 曼彻斯特城,0-6,0-3,伟*,0.89,-1.5,0.9,20250109052530
伊普斯维奇 vs 曼彻斯特城,0-6,0-3,伟*,0.88,-1.5,0.91,20250109044456
伊普斯维奇 vs 曼彻斯特城,0-6,0-3,伟*,0.89,-1.5,0.9,20250109043819
伊普斯维奇 vs 曼彻斯特城,0-6,0-3,伟*,0.88,-1.5,0.91,20250109041937
伊普斯维奇 vs 曼彻斯特城,0-6,0-3,伟*,0.89,-1.5,0.9,20250109041659
伊普斯维奇 vs 曼彻斯特城,0-6,0-3,伟*,0.9,-1.5,0.89,20250109041355
伊普斯维奇 vs 曼彻斯特城,0-6,0-3,伟*,0.89,-1.5,0.9,20250109025206
伊普斯维奇 vs 曼彻斯特城,0-6,0-3,伟*,0.88,-1.5,0.91,20250109024736
伊普斯维奇 vs 曼彻斯特城,0-6,0-3,伟*,0.89,-1.5,0.9,20250109021552
伊普斯维奇 vs 曼彻斯特城,0-6,0-3,伟*,0.88,-1.5,0.91,20250109021140
伊普斯维奇 vs 曼彻斯特城,0-6,0-3,伟*,0.89,-1.5,0.9,20250109020308
伊普斯维奇 vs 曼彻斯特城,0-6,0-3,伟*,0.88,-1.5,0.91,20250109003914
伊普斯维奇 vs 曼彻斯特城,0-6,0-3,伟*,0.89,-1.5,0.9,20250109003209
伊普斯维奇 vs 曼彻斯特城,0-6,0-3,伟*,0.88,-1.5,0.91,20250108234541
伊普斯维奇 vs 曼彻斯特城,0-6,0-3,伟*,0.89,-1.5,0.9,20250108233159
伊普斯维奇 vs 曼彻斯特城,0-6,0-3,伟*,0.88,-1.5,0.91,20250108221521
伊普斯维奇 vs 曼彻斯特城,0-6,0-3,伟*,0.89,-1.5,0.9,20250108220609
伊普斯维奇 vs 曼彻斯特城,0-6,0-3,伟*,0.88,-1.5,0.91,20250108202504
伊普斯维奇 vs 曼彻斯特城,0-6,0-3,伟*,0.89,-1.5,0.9,20250108192531
伊普斯维奇 vs 曼彻斯特城,0-6,0-3,伟*,0.88,-1.5,0.91,20250108192101
伊普斯维奇 vs 曼彻斯特城,0-6,0-3,伟*,0.89,-1.5,0.9,20250108191643
伊普斯维奇 vs 曼彻斯特城,0-6,0-3,伟*,0.88,-1.5,0.91,20250108190717
伊普斯维奇 vs 曼彻斯特城,0-6,0-3,伟*,0.89,-1.5,0.9,20250108190039
伊普斯维奇 vs 曼彻斯特城,0-6,0-3,伟*,0.9,-1.5,0.89,20250108185121
伊普斯维奇 vs 曼彻斯特城,0-6,0-3,伟*,0.89,-1.5,0.9,20250108181640
伊普斯维奇 vs 曼彻斯特城,0-6,0-3,伟*,0.88,-1.5,0.91,20250108180810
伊普斯维奇 vs 曼彻斯特城,0-6,0-3,伟*,0.89,-1.5,0.9,20250108175947
伊普斯维奇 vs 曼彻斯特城,0-6,0-3,伟*,0.88,-1.5,0.91,20250108174459
伊普斯维奇 vs 曼彻斯特城,0-6,0-3,伟*,0.89,-1.5,0.9,20250108173317
伊普斯维奇 vs 曼彻斯特城,0-6,0-3,伟*,0.9,-1.5,0.89,20250108173150
伊普斯维奇 vs 曼彻斯特城,0-6,0-3,伟*,0.88,-1.5,0.91,20250108172321
伊普斯维奇 vs 曼彻斯特城,0-6,0-3,伟*,0.89,-1.5,0.9,20250108171911
伊普斯维奇 vs 曼彻斯特城,0-6,0-3,伟*,0.88,-1.5,0.91,20250108165248
伊普斯维奇 vs 曼彻斯特城,0-6,0-3,伟*,0.89,-1.5,0.9,20250108164437
伊普斯维奇 vs 曼彻斯特城,0-6,0-3,伟*,0.88,-1.5,0.91,20250108154053
伊普斯维奇 vs 曼彻斯特城,0-6,0-3,伟*,0.89,-1.5,0.9,20250108153848
伊普斯维奇 vs 曼彻斯特城,0-6,0-3,伟*,0.88,-1.5,0.91,20250108152549
伊普斯维奇 vs 曼彻斯特城,0-6,0-3,伟*,0.89,-1.5,0.9,20250108145301
伊普斯维奇 vs 曼彻斯特城,0-6,0-3,伟*,0.9,-1.5,0.89,20250108144006
伊普斯维奇 vs 曼彻斯特城,0-6,0-3,伟*,0.89,-1.5,0.9,20250108133349
伊普斯维奇 vs 曼彻斯特城,0-6,0-3,伟*,0.88,-1.5,0.91,20250108130744
伊普斯维奇 vs 曼彻斯特城,0-6,0-3,伟*,0.89,-1.5,0.9,20250108130308
伊普斯维奇 vs 曼彻斯特城,0-6,0-3,伟*,0.88,-1.5,0.91,20250108125844
伊普斯维奇 vs 曼彻斯特城,0-6,0-3,伟*,0.89,-1.5,0.9,20250108120451
伊普斯维奇 vs 曼彻斯特城,0-6,0-3,伟*,0.88,-1.5,0.91,20250108115610
伊普斯维奇 vs 曼彻斯特城,0-6,0-3,伟*,0.89,-1.5,0.9,20250108114721
伊普斯维奇 vs 曼彻斯特城,0-6,0-3,伟*,0.88,-1.5,0.91,20250108114315
伊普斯维奇 vs 曼彻斯特城,0-6,0-3,伟*,0.89,-1.5,0.9,20250108114119
伊普斯维奇 vs 曼彻斯特城,0-6,0-3,伟*,0.88,-1.5,0.91,20250108052938
伊普斯维奇 vs 曼彻斯特城,0-6,0-3,伟*,0.89,-1.5,0.9,20250108051834
伊普斯维奇 vs 曼彻斯特城,0-6,0-3,伟*,0.88,-1.5,0.91,20250107231344
伊普斯维奇 vs 曼彻斯特城,0-6,0-3,伟*,0.89,-1.5,0.9,20250107231104
伊普斯维奇 vs 曼彻斯特城,0-6,0-3,伟*,0.88,-1.5,0.91,20250107214836
伊普斯维奇 vs 曼彻斯特城,0-6,0-3,伟*,0.87,-1.5,0.92,20250107212229
伊普斯维奇 vs 曼彻斯特城,0-6,0-3,伟*,0.88,-1.5,0.91,20250107211812
伊普斯维奇 vs 曼彻斯特城,0-6,0-3,伟*,0.87,-1.5,0.92,20250107201050
伊普斯维奇 vs 曼彻斯特城,0-6,0-3,伟*,0.88,-1.5,0.91,20250107200617
伊普斯维奇 vs 曼彻斯特城,0-6,0-3,伟*,0.87,-1.5,0.92,20250107195458
伊普斯维奇 vs 曼彻斯特城,0-6,0-3,伟*,0.88,-1.5,0.91,20250107184810
伊普斯维奇 vs 曼彻斯特城,0-6,0-3,伟*,0.87,-1.5,0.92,20250107184346
伊普斯维奇 vs 曼彻斯特城,0-6,0-3,伟*,0.88,-1.5,0.91,20250107182541
伊普斯维奇 vs 曼彻斯特城,0-6,0-3,伟*,0.89,-1.5,0.9,20250107182327
伊普斯维奇 vs 曼彻斯特城,0-6,0-3,伟*,0.88,-1.5,0.91,20250107180940
伊普斯维奇 vs 曼彻斯特城,0-6,0-3,伟*,0.87,-1.5,0.92,20250107175240
伊普斯维奇 vs 曼彻斯特城,0-6,0-3,伟*,0.88,-1.5,0.91,20250107174806
伊普斯维奇 vs 曼彻斯特城,0-6,0-3,伟*,0.86,-1.5,0.93,20250107174547
伊普斯维奇 vs 曼彻斯特城,0-6,0-3,伟*,0.87,-1.5,0.92,20250107174340
伊普斯维奇 vs 曼彻斯特城,0-6,0-3,伟*,0.88,-1.5,0.91,20250107173524
伊普斯维奇 vs 曼彻斯特城,0-6,0-3,伟*,0.87,-1.5,0.92,20250107173117
伊普斯维奇 vs 曼彻斯特城,0-6,0-3,伟*,0.88,-1.5,0.91,20250107172303
伊普斯维奇 vs 曼彻斯特城,0-6,0-3,伟*,0.87,-1.5,0.92,20250107171448
伊普斯维奇 vs 曼彻斯特城,0-6,0-3,伟*,0.89,-1.5,0.9,20250107170759
伊普斯维奇 vs 曼彻斯特城,0-6,0-3,伟*,0.88,-1.5,0.91,20250107170157
伊普斯维奇 vs 曼彻斯特城,0-6,0-3,伟*,0.87,-1.5,0.92,20250107164814
伊普斯维奇 vs 曼彻斯特城,0-6,0-3,伟*,0.88,-1.5,0.91,20250107164210
伊普斯维奇 vs 曼彻斯特城,0-6,0-3,伟*,0.87,-1.5,0.92,20250107163628
伊普斯维奇 vs 曼彻斯特城,0-6,0-3,伟*,0.88,-1.5,0.91,20250107162628
伊普斯维奇 vs 曼彻斯特城,0-6,0-3,伟*,0.87,-1.5,0.92,20250107150323
伊普斯维奇 vs 曼彻斯特城,0-6,0-3,伟*,0.88,-1.5,0.91,20250107145922
伊普斯维奇 vs 曼彻斯特城,0-6,0-3,伟*,0.87,-1.5,0.92,20250107145254
伊普斯维奇 vs 曼彻斯特城,0-6,0-3,伟*,0.88,-1.5,0.91,20250107144840
伊普斯维奇 vs 曼彻斯特城,0-6,0-3,伟*,0.89,-1.5,0.9,20250107144639
伊普斯维奇 vs 曼彻斯特城,0-6,0-3,伟*,0.87,-1.5,0.92,20250107130519
伊普斯维奇 vs 曼彻斯特城,0-6,0-3,伟*,0.88,-1.5,0.91,20250107123818
伊普斯维奇 vs 曼彻斯特城,0-6,0-3,伟*,0.87,-1.5,0.92,20250107122937
伊普斯维奇 vs 曼彻斯特城,0-6,0-3,伟*,0.88,-1.5,0.91,20250107122517
伊普斯维奇 vs 曼彻斯特城,0-6,0-3,伟*,0.87,-1.5,0.92,20250107121659
伊普斯维奇 vs 曼彻斯特城,0-6,0-3,伟*,0.88,-1.5,0.91,20250107120857
伊普斯维奇 vs 曼彻斯特城,0-6,0-3,伟*,0.87,-1.5,0.92,20250107114807
伊普斯维奇 vs 曼彻斯特城,0-6,0-3,伟*,0.88,-1.5,0.91,20250107112120
伊普斯维奇 vs 曼彻斯特城,0-6,0-3,伟*,0.87,-1.5,0.92,20250107104607
伊普斯维奇 vs 曼彻斯特城,0-6,0-3,伟*,0.88,-1.5,0.91,20250107095759
伊普斯维奇 vs 曼彻斯特城,0-6,0-3,伟*,0.87,-1.5,0.92,20250107093802
伊普斯维奇 vs 曼彻斯特城,0-6,0-3,伟*,0.89,-1.5,0.9,20250107093205
伊普斯维奇 vs 曼彻斯特城,0-6,0-3,伟*,0.88,-1.5,0.91,20250107092954
伊普斯维奇 vs 曼彻斯特城,0-6,0-3,伟*,0.87,-1.5,0.92,20250107092140
伊普斯维奇 vs 曼彻斯特城,0-6,0-3,伟*,0.89,-1.5,0.9,20250107091736
伊普斯维奇 vs 曼彻斯特城,0-6,0-3,伟*,0.88,-1.5,0.91,20250107091141
伊普斯维奇 vs 曼彻斯特城,0-6,0-3,伟*,0.87,-1.5,0.92,20250107090757
伊普斯维奇 vs 曼彻斯特城,0-6,0-3,伟*,0.88,-1.5,0.91,20250107090324
伊普斯维奇 vs 曼彻斯特城,0-6,0-3,伟*,0.89,-1.5,0.9,20250107085712
伊普斯维奇 vs 曼彻斯特城,0-6,0-3,伟*,0.87,-1.5,0.92,20250107082237
伊普斯维奇 vs 曼彻斯特城,0-6,0-3,伟*,0.88,-1.5,0.91,20250107081835
伊普斯维奇 vs 曼彻斯特城,0-6,0-3,伟*,0.87,-1.5,0.92,20250107075428
伊普斯维奇 vs 曼彻斯特城,0-6,0-3,伟*,0.88,-1.5,0.91,20250107075221
伊普斯维奇 vs 曼彻斯特城,0-6,0-3,伟*,0.89,-1.5,0.9,20250107074818
伊普斯维奇 vs 曼彻斯特城,0-6,0-3,伟*,0.88,-1.5,0.91,20250107074403
伊普斯维奇 vs 曼彻斯特城,0-6,0-3,伟*,0.87,-1.5,0.92,20250107064949
伊普斯维奇 vs 曼彻斯特城,0-6,0-3,伟*,0.88,-1.5,0.91,20250107061930
伊普斯维奇 vs 曼彻斯特城,0-6,0-3,伟*,0.87,-1.5,0.92,20250107055938
伊普斯维奇 vs 曼彻斯特城,0-6,0-3,伟*,0.88,-1.5,0.91,20250107052844
伊普斯维奇 vs 曼彻斯特城,0-6,0-3,伟*,0.87,-1.5,0.92,20250107050435
伊普斯维奇 vs 曼彻斯特城,0-6,0-3,伟*,0.88,-1.5,0.91,20250107045631
伊普斯维奇 vs 曼彻斯特城,0-6,0-3,伟*,0.87,-1.5,0.92,20250107045426
伊普斯维奇 vs 曼彻斯特城,0-6,0-3,伟*,0.88,-1.5,0.91,20250107031513
伊普斯维奇 vs 曼彻斯特城,0-6,0-3,伟*,0.87,-1.5,0.92,20250107025407
伊普斯维奇 vs 曼彻斯特城,0-6,0-3,伟*,0.88,-1.5,0.91,20250107022657
伊普斯维奇 vs 曼彻斯特城,0-6,0-3,伟*,0.87,-1.5,0.92,20250107021834
伊普斯维奇 vs 曼彻斯特城,0-6,0-3,伟*,0.88,-1.5,0.91,20250107021420
伊普斯维奇 vs 曼彻斯特城,0-6,0-3,伟*,0.87,-1.5,0.92,20250107021004
伊普斯维奇 vs 曼彻斯特城,0-6,0-3,伟*,0.88,-1.5,0.91,20250107011418
伊普斯维奇 vs 曼彻斯特城,0-6,0-3,伟*,0.87,-1.5,0.92,20250107003422
伊普斯维奇 vs 曼彻斯特城,0-6,0-3,伟*,0.88,-1.5,0.91,20250107003023
伊普斯维奇 vs 曼彻斯特城,0-6,0-3,伟*,0.89,-1.5,0.9,20250106194113
伊普斯维奇 vs 曼彻斯特城,0-6,0-3,明*,0.84,-1.5,1.11,20250120002944
伊普斯维奇 vs 曼彻斯特城,0-6,0-3,明*,1.06,-1.25,0.87,20250120002900
伊普斯维奇 vs 曼彻斯特城,0-6,0-3,明*,1.08,-1.25,0.85,20250120002510
伊普斯维奇 vs 曼彻斯特城,0-6,0-3,明*,0.81,-1.5,1.13,20250120002052
伊普斯维奇 vs 曼彻斯特城,0-6,0-3,明*,0.82,-1.5,1.12,20250120001837
伊普斯维奇 vs 曼彻斯特城,0-6,0-3,明*,0.83,-1.5,1.11,20250120001558
伊普斯维奇 vs 曼彻斯特城,0-6,0-3,明*,0.86,-1.5,1.07,20250120001528
伊普斯维奇 vs 曼彻斯特城,0-6,0-3,明*,0.88,-1.5,1.05,20250120001352
伊普斯维奇 vs 曼彻斯特城,0-6,0-3,明*,0.87,-1.5,1.06,20250120001315
伊普斯维奇 vs 曼彻斯特城,0-6,0-3,明*,0.86,-1.5,1.07,20250120001040
伊普斯维奇 vs 曼彻斯特城,0-6,0-3,明*,1.09,-1.25,0.84,20250120000936
伊普斯维奇 vs 曼彻斯特城,0-6,0-3,明*,1.12,-1.25,0.82,20250120000828
伊普斯维奇 vs 曼彻斯特城,0-6,0-3,明*,1.06,-1.25,0.87,20250120000521
伊普斯维奇 vs 曼彻斯特城,0-6,0-3,明*,1.07,-1.25,0.86,20250120000452
伊普斯维奇 vs 曼彻斯特城,0-6,0-3,明*,1.06,-1.25,0.87,20250120000310
伊普斯维奇 vs 曼彻斯特城,0-6,0-3,明*,1.04,-1.25,0.89,20250120000235
伊普斯维奇 vs 曼彻斯特城,0-6,0-3,明*,1.06,-1.25,0.87,20250119235713
伊普斯维奇 vs 曼彻斯特城,0-6,0-3,明*,1.08,-1.25,0.85,20250119235532
伊普斯维奇 vs 曼彻斯特城,0-6,0-3,明*,1.09,-1.25,0.84,20250119235356
伊普斯维奇 vs 曼彻斯特城,0-6,0-3,明*,1.08,-1.25,0.85,20250119235326
伊普斯维奇 vs 曼彻斯特城,0-6,0-3,明*,1.06,-1.25,0.87,20250119234935
伊普斯维奇 vs 曼彻斯特城,0-6,0-3,明*,1.07,-1.25,0.86,20250119234906
伊普斯维奇 vs 曼彻斯特城,0-6,0-3,明*,1.06,-1.25,0.87,20250119233903
伊普斯维奇 vs 曼彻斯特城,0-6,0-3,明*,1.04,-1.25,0.89,20250119232448
伊普斯维奇 vs 曼彻斯特城,0-6,0-3,明*,1.03,-1.25,0.9,20250119232254
伊普斯维奇 vs 曼彻斯特城,0-6,0-3,明*,1.0,-1.25,0.93,20250119232113
伊普斯维奇 vs 曼彻斯特城,0-6,0-3,明*,0.98,-1.25,0.95,20250119225639
伊普斯维奇 vs 曼彻斯特城,0-6,0-3,明*,0.95,-1.25,0.98,20250119224408
伊普斯维奇 vs 曼彻斯特城,0-6,0-3,明*,0.94,-1.25,0.99,20250119223854
伊普斯维奇 vs 曼彻斯特城,0-6,0-3,明*,0.99,-1.25,0.94,20250119222523
伊普斯维奇 vs 曼彻斯特城,0-6,0-3,明*,1.01,-1.25,0.92,20250119222409
伊普斯维奇 vs 曼彻斯特城,0-6,0-3,明*,0.95,-1.25,0.98,20250119222027
伊普斯维奇 vs 曼彻斯特城,0-6,0-3,明*,0.94,-1.25,0.99,20250119221807
伊普斯维奇 vs 曼彻斯特城,0-6,0-3,明*,0.93,-1.25,1.0,20250119212854
伊普斯维奇 vs 曼彻斯特城,0-6,0-3,明*,0.94,-1.25,0.99,20250119212744
伊普斯维奇 vs 曼彻斯特城,0-6,0-3,明*,0.93,-1.25,1.0,20250119212444
伊普斯维奇 vs 曼彻斯特城,0-6,0-3,明*,0.95,-1.25,0.98,20250119212313
伊普斯维奇 vs 曼彻斯特城,0-6,0-3,明*,0.93,-1.25,1.0,20250119212240
伊普斯维奇 vs 曼彻斯特城,0-6,0-3,明*,0.92,-1.25,1.01,20250119211545
伊普斯维奇 vs 曼彻斯特城,0-6,0-3,明*,0.9,-1.25,1.03,20250119210524
伊普斯维奇 vs 曼彻斯特城,0-6,0-3,明*,0.9,-1.25,1.04,20250119210307
伊普斯维奇 vs 曼彻斯特城,0-6,0-3,明*,0.9,-1.25,1.03,20250119205002
伊普斯维奇 vs 曼彻斯特城,0-6,0-3,明*,0.91,-1.25,1.02,20250119204301
伊普斯维奇 vs 曼彻斯特城,0-6,0-3,明*,0.92,-1.25,1.01,20250119203853
伊普斯维奇 vs 曼彻斯特城,0-6,0-3,明*,0.91,-1.25,1.02,20250119203815
伊普斯维奇 vs 曼彻斯特城,0-6,0-3,明*,0.9,-1.25,1.03,20250119203737
伊普斯维奇 vs 曼彻斯特城,0-6,0-3,明*,0.91,-1.25,1.02,20250119203629
伊普斯维奇 vs 曼彻斯特城,0-6,0-3,明*,0.89,-1.25,1.04,20250119203120
伊普斯维奇 vs 曼彻斯特城,0-6,0-3,明*,0.87,-1.25,1.06,20250119202935
伊普斯维奇 vs 曼彻斯特城,0-6,0-3,明*,0.86,-1.25,1.07,20250119202715
伊普斯维奇 vs 曼彻斯特城,0-6,0-3,明*,0.85,-1.25,1.08,20250119201658
伊普斯维奇 vs 曼彻斯特城,0-6,0-3,明*,0.86,-1.25,1.07,20250119195627
伊普斯维奇 vs 曼彻斯特城,0-6,0-3,明*,0.85,-1.25,1.08,20250119193759
伊普斯维奇 vs 曼彻斯特城,0-6,0-3,明*,0.66,-1.5,1.37,20250119191802
伊普斯维奇 vs 曼彻斯特城,0-6,0-3,明*,0.68,-1.5,1.33,20250119191114
伊普斯维奇 vs 曼彻斯特城,0-6,0-3,明*,0.7,-1.5,1.29,20250119190442
伊普斯维奇 vs 曼彻斯特城,0-6,0-3,明*,0.69,-1.5,1.31,20250119190343
伊普斯维奇 vs 曼彻斯特城,0-6,0-3,明*,0.73,-1.5,1.25,20250119190112
伊普斯维奇 vs 曼彻斯特城,0-6,0-3,明*,0.77,-1.5,1.19,20250119190015
伊普斯维奇 vs 曼彻斯特城,0-6,0-3,明*,0.79,-1.5,1.16,20250119185920
伊普斯维奇 vs 曼彻斯特城,0-6,0-3,明*,0.8,-1.5,1.14,20250119185352
伊普斯维奇 vs 曼彻斯特城,0-6,0-3,明*,0.78,-1.5,1.17,20250119185132
伊普斯维奇 vs 曼彻斯特城,0-6,0-3,明*,0.76,-1.5,1.2,20250119184001
伊普斯维奇 vs 曼彻斯特城,0-6,0-3,明*,0.75,-1.5,1.22,20250119183624
伊普斯维奇 vs 曼彻斯特城,0-6,0-3,明*,0.79,-1.5,1.17,20250119182455
伊普斯维奇 vs 曼彻斯特城,0-6,0-3,明*,0.81,-1.5,1.14,20250119180029
伊普斯维奇 vs 曼彻斯特城,0-6,0-3,明*,0.81,-1.5,1.13,20250119175948
伊普斯维奇 vs 曼彻斯特城,0-6,0-3,明*,0.8,-1.5,1.14,20250119174915
伊普斯维奇 vs 曼彻斯特城,0-6,0-3,明*,0.76,-1.5,1.2,20250119174827
伊普斯维奇 vs 曼彻斯特城,0-6,0-3,明*,0.79,-1.5,1.16,20250119164712
伊普斯维奇 vs 曼彻斯特城,0-6,0-3,明*,0.8,-1.5,1.14,20250119161643
伊普斯维奇 vs 曼彻斯特城,0-6,0-3,明*,0.81,-1.5,1.13,20250119161030
伊普斯维奇 vs 曼彻斯特城,0-6,0-3,明*,0.78,-1.5,1.17,20250119154409
伊普斯维奇 vs 曼彻斯特城,0-6,0-3,明*,0.8,-1.5,1.14,20250119152628
伊普斯维奇 vs 曼彻斯特城,0-6,0-3,明*,0.81,-1.5,1.13,20250119152434
伊普斯维奇 vs 曼彻斯特城,0-6,0-3,明*,0.82,-1.5,1.12,20250119152319
伊普斯维奇 vs 曼彻斯特城,0-6,0-3,明*,0.83,-1.5,1.11,20250119152209
伊普斯维奇 vs 曼彻斯特城,0-6,0-3,明*,0.84,-1.5,1.09,20250119150530
伊普斯维奇 vs 曼彻斯特城,0-6,0-3,明*,0.84,-1.5,1.08,20250119144042
伊普斯维奇 vs 曼彻斯特城,0-6,0-3,明*,0.83,-1.5,1.09,20250119142912
伊普斯维奇 vs 曼彻斯特城,0-6,0-3,明*,0.85,-1.5,1.07,20250119142832
伊普斯维奇 vs 曼彻斯特城,0-6,0-3,明*,0.86,-1.5,1.06,20250119142754
伊普斯维奇 vs 曼彻斯特城,0-6,0-3,明*,0.85,-1.5,1.07,20250119142717
伊普斯维奇 vs 曼彻斯特城,0-6,0-3,明*,0.84,-1.5,1.08,20250119134506
伊普斯维奇 vs 曼彻斯特城,0-6,0-3,明*,0.83,-1.5,1.09,20250119134426
伊普斯维奇 vs 曼彻斯特城,0-6,0-3,明*,0.84,-1.5,1.08,20250119132841
伊普斯维奇 vs 曼彻斯特城,0-6,0-3,明*,0.86,-1.5,1.06,20250119131638
伊普斯维奇 vs 曼彻斯特城,0-6,0-3,明*,0.87,-1.5,1.05,20250119131239
伊普斯维奇 vs 曼彻斯特城,0-6,0-3,明*,0.88,-1.5,1.04,20250119131203
伊普斯维奇 vs 曼彻斯特城,0-6,0-3,明*,0.87,-1.5,1.05,20250119130114
伊普斯维奇 vs 曼彻斯特城,0-6,0-3,明*,0.86,-1.5,1.06,20250119121049
伊普斯维奇 vs 曼彻斯特城,0-6,0-3,明*,0.85,-1.5,1.05,20250119112750
伊普斯维奇 vs 曼彻斯特城,0-6,0-3,明*,0.86,-1.5,1.04,20250119110100
伊普斯维奇 vs 曼彻斯特城,0-6,0-3,明*,0.82,-1.5,1.08,20250119072611
伊普斯维奇 vs 曼彻斯特城,0-6,0-3,明*,0.85,-1.5,1.05,20250119052832
伊普斯维奇 vs 曼彻斯特城,0-6,0-3,明*,0.87,-1.5,1.03,20250119051505
伊普斯维奇 vs 曼彻斯特城,0-6,0-3,明*,0.86,-1.5,1.04,20250119035333
伊普斯维奇 vs 曼彻斯特城,0-6,0-3,明*,0.84,-1.5,1.06,20250119035236
伊普斯维奇 vs 曼彻斯特城,0-6,0-3,明*,0.83,-1.5,1.07,20250119035144
伊普斯维奇 vs 曼彻斯特城,0-6,0-3,明*,0.9,-1.5,1.0,20250119031053
伊普斯维奇 vs 曼彻斯特城,0-6,0-3,明*,0.89,-1.5,1.01,20250119024629
伊普斯维奇 vs 曼彻斯特城,0-6,0-3,明*,0.87,-1.5,1.03,20250119000002
伊普斯维奇 vs 曼彻斯特城,0-6,0-3,明*,0.86,-1.5,1.04,20250118190120
伊普斯维奇 vs 曼彻斯特城,0-6,0-3,明*,0.87,-1.5,1.03,20250118131533
伊普斯维奇 vs 曼彻斯特城,0-6,0-3,明*,0.87,-1.5,1.01,20250118035023
伊普斯维奇 vs 曼彻斯特城,0-6,0-3,明*,0.87,-1.5,1.03,20250118034927
伊普斯维奇 vs 曼彻斯特城,0-6,0-3,明*,0.87,-1.5,1.01,20250117220234
伊普斯维奇 vs 曼彻斯特城,0-6,0-3,明*,0.89,-1.5,0.99,20250117220144
伊普斯维奇 vs 曼彻斯特城,0-6,0-3,明*,0.91,-1.5,0.97,20250117184247
伊普斯维奇 vs 曼彻斯特城,0-6,0-3,明*,0.94,-1.5,0.94,20250117180525
伊普斯维奇 vs 曼彻斯特城,0-6,0-3,明*,0.93,-1.5,0.95,20250117174007
伊普斯维奇 vs 曼彻斯特城,0-6,0-3,明*,0.92,-1.5,0.96,20250117061457
伊普斯维奇 vs 曼彻斯特城,0-6,0-3,明*,0.9,-1.5,0.98,20250116235248
伊普斯维奇 vs 曼彻斯特城,0-6,0-3,明*,0.89,-1.5,0.99,20250116160203
伊普斯维奇 vs 曼彻斯特城,0-6,0-3,明*,0.9,-1.5,0.98,20250115192323
伊普斯维奇 vs 曼彻斯特城,0-6,0-3,明*,0.92,-1.5,0.96,20250115180441
伊普斯维奇 vs 曼彻斯特城,0-6,0-3,明*,0.9,-1.5,0.98,20250115172010
伊普斯维奇 vs 曼彻斯特城,0-6,0-3,明*,0.93,-1.5,0.95,20250115075430
伊普斯维奇 vs 曼彻斯特城,0-6,0-3,明*,0.91,-1.5,0.97,20250114232213
伊普斯维奇 vs 曼彻斯特城,0-6,0-3,明*,0.93,-1.5,0.95,20250114230214
伊普斯维奇 vs 曼彻斯特城,0-6,0-3,明*,0.94,-1.5,0.94,20250114145321
伊普斯维奇 vs 曼彻斯特城,0-6,0-3,明*,0.95,-1.5,0.93,20250113185958
伊普斯维奇 vs 曼彻斯特城,0-6,0-3,明*,0.96,-1.5,0.92,20250113103113
伊普斯维奇 vs 曼彻斯特城,0-6,0-3,明*,0.94,-1.5,0.94,20250113040651
伊普斯维奇 vs 曼彻斯特城,0-6,0-3,明*,0.95,-1.5,0.93,20250112062905
伊普斯维奇 vs 曼彻斯特城,0-6,0-3,明*,0.94,-1.5,0.94,20250112044618
伊普斯维奇 vs 曼彻斯特城,0-6,0-3,明*,0.88,-1.5,1.0,20250110182853
伊普斯维奇 vs 曼彻斯特城,0-6,0-3,明*,0.89,-1.5,0.99,20250110112507
伊普斯维奇 vs 曼彻斯特城,0-6,0-3,明*,0.9,-1.5,0.98,20250107214741
伊普斯维奇 vs 曼彻斯特城,0-6,0-3,明*,0.89,-1.5,0.99,20250107002654
伊普斯维奇 vs 曼彻斯特城,0-6,0-3,明*,0.93,-1.5,0.95,20250106071744
伊普斯维奇 vs 曼彻斯特城,0-6,0-3,明*,0.92,-1.5,0.96,20250106064042
伊普斯维奇 vs 曼彻斯特城,0-6,0-3,明*,1.08,-1.5,0.8,20250105214502
伊普斯维奇 vs 曼彻斯特城,0-6,0-3,金宝*,0.81,-1.5,1.12,20250120002936
伊普斯维奇 vs 曼彻斯特城,0-6,0-3,金宝*,0.83,-1.5,1.09,20250120002835
伊普斯维奇 vs 曼彻斯特城,0-6,0-3,金宝*,0.86,-1.5,1.06,20250120002804
伊普斯维奇 vs 曼彻斯特城,0-6,0-3,金宝*,0.84,-1.5,1.08,20250120002733
伊普斯维奇 vs 曼彻斯特城,0-6,0-3,金宝*,0.85,-1.5,1.07,20250120002702
伊普斯维奇 vs 曼彻斯特城,0-6,0-3,金宝*,0.86,-1.5,1.06,20250120002600
伊普斯维奇 vs 曼彻斯特城,0-6,0-3,金宝*,0.83,-1.5,1.09,20250120002153
伊普斯维奇 vs 曼彻斯特城,0-6,0-3,金宝*,0.84,-1.5,1.08,20250120002021
伊普斯维奇 vs 曼彻斯特城,0-6,0-3,金宝*,0.85,-1.5,1.07,20250120001950
伊普斯维奇 vs 曼彻斯特城,0-6,0-3,金宝*,0.86,-1.5,1.06,20250120001338
伊普斯维奇 vs 曼彻斯特城,0-6,0-3,金宝*,0.84,-1.5,1.08,20250120001104
伊普斯维奇 vs 曼彻斯特城,0-6,0-3,金宝*,0.85,-1.5,1.07,20250120000553
伊普斯维奇 vs 曼彻斯特城,0-6,0-3,金宝*,0.86,-1.5,1.06,20250120000451
伊普斯维奇 vs 曼彻斯特城,0-6,0-3,金宝*,0.85,-1.5,1.07,20250120000146
伊普斯维奇 vs 曼彻斯特城,0-6,0-3,金宝*,0.84,-1.5,1.08,20250120000115
伊普斯维奇 vs 曼彻斯特城,0-6,0-3,金宝*,0.83,-1.5,1.09,20250119235809
伊普斯维奇 vs 曼彻斯特城,0-6,0-3,金宝*,0.86,-1.5,1.06,20250119235738
伊普斯维奇 vs 曼彻斯特城,0-6,0-3,金宝*,0.88,-1.5,1.04,20250119235331
伊普斯维奇 vs 曼彻斯特城,0-6,0-3,金宝*,0.86,-1.5,1.06,20250119235228
伊普斯维奇 vs 曼彻斯特城,0-6,0-3,金宝*,0.84,-1.5,1.08,20250119235127
伊普斯维奇 vs 曼彻斯特城,0-6,0-3,金宝*,1.09,-1.25,0.83,20250119235024
伊普斯维奇 vs 曼彻斯特城,0-6,0-3,金宝*,1.07,-1.25,0.85,20250119234617
伊普斯维奇 vs 曼彻斯特城,0-6,0-3,金宝*,1.08,-1.25,0.84,20250119233903
伊普斯维奇 vs 曼彻斯特城,0-6,0-3,金宝*,1.06,-1.25,0.86,20250119233832
伊普斯维奇 vs 曼彻斯特城,0-6,0-3,金宝*,1.05,-1.25,0.87,20250119233455
伊普斯维奇 vs 曼彻斯特城,0-6,0-3,金宝*,1.04,-1.25,0.88,20250119233149
伊普斯维奇 vs 曼彻斯特城,0-6,0-3,金宝*,1.06,-1.25,0.86,20250119232740
伊普斯维奇 vs 曼彻斯特城,0-6,0-3,金宝*,1.05,-1.25,0.87,20250119232401
伊普斯维奇 vs 曼彻斯特城,0-6,0-3,金宝*,1.06,-1.25,0.86,20250119232228
伊普斯维奇 vs 曼彻斯特城,0-6,0-3,金宝*,1.05,-1.25,0.87,20250119232157
伊普斯维奇 vs 曼彻斯特城,0-6,0-3,金宝*,1.02,-1.25,0.9,20250119232125
伊普斯维奇 vs 曼彻斯特城,0-6,0-3,金宝*,1.04,-1.25,0.88,20250119232023
伊普斯维奇 vs 曼彻斯特城,0-6,0-3,金宝*,1.02,-1.25,0.9,20250119231748
伊普斯维奇 vs 曼彻斯特城,0-6,0-3,金宝*,1.01,-1.25,0.91,20250119231236
伊普斯维奇 vs 曼彻斯特城,0-6,0-3,金宝*,1.0,-1.25,0.92,20250119230928
伊普斯维奇 vs 曼彻斯特城,0-6,0-3,金宝*,0.99,-1.25,0.93,20250119230722
伊普斯维奇 vs 曼彻斯特城,0-6,0-3,金宝*,1.0,-1.25,0.92,20250119225556
伊普斯维奇 vs 曼彻斯特城,0-6,0-3,金宝*,1.01,-1.25,0.91,20250119225423
伊普斯维奇 vs 曼彻斯特城,0-6,0-3,金宝*,0.99,-1.25,0.93,20250119225351
伊普斯维奇 vs 曼彻斯特城,0-6,0-3,金宝*,0.98,-1.25,0.94,20250119225045
伊普斯维奇 vs 曼彻斯特城,0-6,0-3,金宝*,0.97,-1.25,0.95,20250119222723
伊普斯维奇 vs 曼彻斯特城,0-6,0-3,金宝*,0.98,-1.25,0.94,20250119222417
伊普斯维奇 vs 曼彻斯特城,0-6,0-3,金宝*,0.97,-1.25,0.95,20250119222346
伊普斯维奇 vs 曼彻斯特城,0-6,0-3,金宝*,0.94,-1.25,0.98,20250119221905
伊普斯维奇 vs 曼彻斯特城,0-6,0-3,金宝*,0.93,-1.25,0.99,20250119221252
伊普斯维奇 vs 曼彻斯特城,0-6,0-3,金宝*,0.92,-1.25,1.0,20250119221047
伊普斯维奇 vs 曼彻斯特城,0-6,0-3,金宝*,0.91,-1.25,1.01,20250119212520
伊普斯维奇 vs 曼彻斯特城,0-6,0-3,金宝*,0.89,-1.25,1.03,20250119205605
伊普斯维奇 vs 曼彻斯特城,0-6,0-3,金宝*,0.88,-1.25,1.04,20250119203914
伊普斯维奇 vs 曼彻斯特城,0-6,0-3,金宝*,0.87,-1.25,1.05,20250119203606
伊普斯维奇 vs 曼彻斯特城,0-6,0-3,金宝*,0.85,-1.25,1.07,20250119203225
伊普斯维奇 vs 曼彻斯特城,0-6,0-3,金宝*,0.84,-1.25,1.08,20250119195741
伊普斯维奇 vs 曼彻斯特城,0-6,0-3,金宝*,0.83,-1.25,1.09,20250119193046
伊普斯维奇 vs 曼彻斯特城,0-6,0-3,金宝*,1.09,-1.0,0.83,20250119191214
伊普斯维奇 vs 曼彻斯特城,0-6,0-3,金宝*,1.08,-1.0,0.84,20250119191110
伊普斯维奇 vs 曼彻斯特城,0-6,0-3,金宝*,0.81,-1.25,1.12,20250119191039
伊普斯维奇 vs 曼彻斯特城,0-6,0-3,金宝*,0.83,-1.25,1.09,20250119190936
伊普斯维奇 vs 曼彻斯特城,0-6,0-3,金宝*,0.84,-1.25,1.08,20250119190801
伊普斯维奇 vs 曼彻斯特城,0-6,0-3,金宝*,0.86,-1.25,1.06,20250119190523
伊普斯维奇 vs 曼彻斯特城,0-6,0-3,金宝*,0.88,-1.25,1.04,20250119190419
伊普斯维奇 vs 曼彻斯特城,0-6,0-3,金宝*,0.9,-1.25,1.02,20250119190348
伊普斯维奇 vs 曼彻斯特城,0-6,0-3,金宝*,0.94,-1.25,0.98,20250119190316
伊普斯维奇 vs 曼彻斯特城,0-6,0-3,金宝*,0.98,-1.25,0.94,20250119190007
伊普斯维奇 vs 曼彻斯特城,0-6,0-3,金宝*,0.99,-1.25,0.93,20250119185935
伊普斯维奇 vs 曼彻斯特城,0-6,0-3,金宝*,1.0,-1.25,0.92,20250119184444
伊普斯维奇 vs 曼彻斯特城,0-6,0-3,金宝*,1.01,-1.25,0.91,20250119180532
伊普斯维奇 vs 曼彻斯特城,0-6,0-3,金宝*,1.02,-1.25,0.9,20250119180500
伊普斯维奇 vs 曼彻斯特城,0-6,0-3,金宝*,1.01,-1.25,0.91,20250119163658
伊普斯维奇 vs 曼彻斯特城,0-6,0-3,金宝*,1.0,-1.25,0.92,20250119163345
伊普斯维奇 vs 曼彻斯特城,0-6,0-3,金宝*,1.02,-1.25,0.9,20250119161023
伊普斯维奇 vs 曼彻斯特城,0-6,0-3,金宝*,1.01,-1.25,0.91,20250119152631
伊普斯维奇 vs 曼彻斯特城,0-6,0-3,金宝*,1.02,-1.25,0.9,20250119152559
伊普斯维奇 vs 曼彻斯特城,0-6,0-3,金宝*,1.01,-1.25,0.91,20250119152527
伊普斯维奇 vs 曼彻斯特城,0-6,0-3,金宝*,1.02,-1.25,0.9,20250119152456
伊普斯维奇 vs 曼彻斯特城,0-6,0-3,金宝*,1.03,-1.25,0.89,20250119152353
伊普斯维奇 vs 曼彻斯特城,0-6,0-3,金宝*,1.05,-1.25,0.87,20250119151246
伊普斯维奇 vs 曼彻斯特城,0-6,0-3,金宝*,1.06,-1.25,0.86,20250119143235
伊普斯维奇 vs 曼彻斯特城,0-6,0-3,金宝*,1.07,-1.25,0.85,20250119143204
伊普斯维奇 vs 曼彻斯特城,0-6,0-3,金宝*,1.06,-1.25,0.86,20250119124152
伊普斯维奇 vs 曼彻斯特城,0-6,0-3,金宝*,1.07,-1.25,0.85,20250119124121
伊普斯维奇 vs 曼彻斯特城,0-6,0-3,金宝*,0.84,-1.5,1.08,20250119123431
伊普斯维奇 vs 曼彻斯特城,0-6,0-3,金宝*,0.85,-1.5,1.07,20250119121359
伊普斯维奇 vs 曼彻斯特城,0-6,0-3,金宝*,0.86,-1.5,1.06,20250119120944
伊普斯维奇 vs 曼彻斯特城,0-6,0-3,金宝*,0.87,-1.5,1.05,20250119120912
伊普斯维奇 vs 曼彻斯特城,0-6,0-3,金宝*,0.88,-1.5,1.04,20250119120005
伊普斯维奇 vs 曼彻斯特城,0-6,0-3,金宝*,0.89,-1.5,1.03,20250119104033
伊普斯维奇 vs 曼彻斯特城,0-6,0-3,金宝*,0.88,-1.5,1.04,20250119035423
伊普斯维奇 vs 曼彻斯特城,0-6,0-3,金宝*,0.92,-1.5,1.0,20250119030211
伊普斯维奇 vs 曼彻斯特城,0-6,0-3,金宝*,0.91,-1.5,0.99,20250117220504
伊普斯维奇 vs 曼彻斯特城,0-6,0-3,金宝*,0.93,-1.5,0.97,20250117193809
伊普斯维奇 vs 曼彻斯特城,0-6,0-3,金宝*,0.96,-1.5,0.94,20250116132704
伊普斯维奇 vs 曼彻斯特城,0-6,0-3,金宝*,0.98,-1.5,0.92,20250115065727
伊普斯维奇 vs 曼彻斯特城,0-6,0-3,金宝*,1.01,-1.5,0.89,20250115063915
伊普斯维奇 vs 曼彻斯特城,0-6,0-3,金宝*,0.79,-1.75,1.12,20250115063812
伊普斯维奇 vs 曼彻斯特城,0-6,0-3,金宝*,1.02,-1.5,0.88,20250113010816
伊普斯维奇 vs 曼彻斯特城,0-6,0-3,金宝*,0.95,-1.5,0.95,20250112050021
伊普斯维奇 vs 曼彻斯特城,0-6,0-3,金宝*,0.89,-1.5,1.01,20250107002744
伊普斯维奇 vs 曼彻斯特城,0-6,0-3,金宝*,0.92,-1.5,0.98,20250106142642
伊普斯维奇 vs 曼彻斯特城,0-6,0-3,金宝*,0.94,-1.5,0.96,20250106104417
伊普斯维奇 vs 曼彻斯特城,0-6,0-3,12*,0.84,-1.5,1.11,20250120002931
伊普斯维奇 vs 曼彻斯特城,0-6,0-3,12*,0.88,-1.5,1.06,20250120002746
伊普斯维奇 vs 曼彻斯特城,0-6,0-3,12*,0.86,-1.5,1.08,20250120002202
伊普斯维奇 vs 曼彻斯特城,0-6,0-3,12*,0.87,-1.5,1.07,20250120001841
伊普斯维奇 vs 曼彻斯特城,0-6,0-3,12*,0.88,-1.5,1.06,20250120001516
伊普斯维奇 vs 曼彻斯特城,0-6,0-3,12*,0.86,-1.5,1.08,20250120001035
伊普斯维奇 vs 曼彻斯特城,0-6,0-3,12*,0.85,-1.5,1.09,20250120000853
伊普斯维奇 vs 曼彻斯特城,0-6,0-3,12*,0.86,-1.5,1.08,20250120000713
伊普斯维奇 vs 曼彻斯特城,0-6,0-3,12*,0.85,-1.5,1.09,20250120000533
伊普斯维奇 vs 曼彻斯特城,0-6,0-3,12*,0.87,-1.5,1.07,20250120000447
伊普斯维奇 vs 曼彻斯特城,0-6,0-3,12*,0.86,-1.5,1.08,20250120000348
伊普斯维奇 vs 曼彻斯特城,0-6,0-3,12*,0.85,-1.5,1.09,20250120000133
伊普斯维奇 vs 曼彻斯特城,0-6,0-3,12*,0.86,-1.5,1.08,20250119235902
伊普斯维奇 vs 曼彻斯特城,0-6,0-3,12*,0.87,-1.5,1.07,20250119235812
伊普斯维奇 vs 曼彻斯特城,0-6,0-3,12*,0.89,-1.5,1.05,20250119235541
伊普斯维奇 vs 曼彻斯特城,0-6,0-3,12*,1.16,-1.25,0.8,20250119235451
伊普斯维奇 vs 曼彻斯特城,0-6,0-3,12*,1.13,-1.25,0.82,20250119235211
伊普斯维奇 vs 曼彻斯特城,0-6,0-3,12*,1.12,-1.25,0.83,20250119234103
伊普斯维奇 vs 曼彻斯特城,0-6,0-3,12*,1.09,-1.25,0.85,20250119232629
伊普斯维奇 vs 曼彻斯特城,0-6,0-3,12*,1.08,-1.25,0.86,20250119232334
伊普斯维奇 vs 曼彻斯特城,0-6,0-3,12*,1.07,-1.25,0.87,20250119232243
伊普斯维奇 vs 曼彻斯特城,0-6,0-3,12*,1.05,-1.25,0.89,20250119232153
伊普斯维奇 vs 曼彻斯特城,0-6,0-3,12*,1.03,-1.25,0.91,20250119225455
伊普斯维奇 vs 曼彻斯特城,0-6,0-3,12*,1.0,-1.25,0.94,20250119224457
伊普斯维奇 vs 曼彻斯特城,0-6,0-3,12*,0.99,-1.25,0.95,20250119222605
伊普斯维奇 vs 曼彻斯特城,0-6,0-3,12*,0.95,-1.25,0.99,20250119222053
伊普斯维奇 vs 曼彻斯特城,0-6,0-3,12*,0.94,-1.25,1.0,20250119221912
伊普斯维奇 vs 曼彻斯特城,0-6,0-3,12*,0.93,-1.25,1.01,20250119213009
伊普斯维奇 vs 曼彻斯特城,0-6,0-3,12*,0.94,-1.25,1.0,20250119212915
伊普斯维奇 vs 曼彻斯特城,0-6,0-3,12*,0.93,-1.25,1.01,20250119212542
伊普斯维奇 vs 曼彻斯特城,0-6,0-3,12*,0.92,-1.25,1.02,20250119211613
伊普斯维奇 vs 曼彻斯特城,0-6,0-3,12*,0.91,-1.25,1.03,20250119211514
伊普斯维奇 vs 曼彻斯特城,0-6,0-3,12*,0.9,-1.25,1.04,20250119205906
伊普斯维奇 vs 曼彻斯特城,0-6,0-3,12*,0.9,-1.25,1.03,20250119204518
伊普斯维奇 vs 曼彻斯特城,0-6,0-3,12*,0.91,-1.25,1.02,20250119204016
伊普斯维奇 vs 曼彻斯特城,0-6,0-3,12*,0.9,-1.25,1.03,20250119203647
伊普斯维奇 vs 曼彻斯特城,0-6,0-3,12*,0.88,-1.25,1.05,20250119203145
伊普斯维奇 vs 曼彻斯特城,0-6,0-3,12*,0.86,-1.25,1.07,20250119202819
伊普斯维奇 vs 曼彻斯特城,0-6,0-3,12*,0.85,-1.25,1.08,20250119201804
伊普斯维奇 vs 曼彻斯特城,0-6,0-3,12*,0.86,-1.25,1.07,20250119195741
伊普斯维奇 vs 曼彻斯特城,0-6,0-3,12*,0.85,-1.25,1.08,20250119193732
伊普斯维奇 vs 曼彻斯特城,0-6,0-3,12*,0.82,-1.25,1.12,20250119192317
伊普斯维奇 vs 曼彻斯特城,0-6,0-3,12*,0.83,-1.25,1.11,20250119191815
伊普斯维奇 vs 曼彻斯特城,0-6,0-3,12*,0.84,-1.25,1.09,20250119191725
伊普斯维奇 vs 曼彻斯特城,0-6,0-3,12*,0.83,-1.25,1.11,20250119191634
伊普斯维奇 vs 曼彻斯特城,0-6,0-3,12*,0.82,-1.25,1.12,20250119191357
伊普斯维奇 vs 曼彻斯特城,0-6,0-3,12*,0.81,-1.25,1.13,20250119191116
伊普斯维奇 vs 曼彻斯特城,0-6,0-3,12*,0.86,-1.25,1.07,20250119190935
伊普斯维奇 vs 曼彻斯特城,0-6,0-3,12*,0.85,-1.25,1.08,20250119190755
伊普斯维奇 vs 曼彻斯特城,0-6,0-3,12*,0.88,-1.25,1.05,20250119190717
伊普斯维奇 vs 曼彻斯特城,0-6,0-3,12*,0.87,-1.25,1.06,20250119190524
伊普斯维奇 vs 曼彻斯特城,0-6,0-3,12*,0.89,-1.25,1.04,20250119190433
伊普斯维奇 vs 曼彻斯特城,0-6,0-3,12*,0.99,-1.25,0.94,20250119190249
伊普斯维奇 vs 曼彻斯特城,0-6,0-3,12*,1.0,-1.25,0.93,20250119190044
伊普斯维奇 vs 曼彻斯特城,0-6,0-3,12*,1.01,-1.25,0.92,20250119185953
伊普斯维奇 vs 曼彻斯特城,0-6,0-3,12*,1.04,-1.25,0.89,20250119185813
伊普斯维奇 vs 曼彻斯特城,0-6,0-3,12*,1.03,-1.25,0.9,20250119185401
伊普斯维奇 vs 曼彻斯特城,0-6,0-3,12*,1.02,-1.25,0.91,20250119183629
伊普斯维奇 vs 曼彻斯特城,0-6,0-3,12*,1.03,-1.25,0.9,20250119183539
伊普斯维奇 vs 曼彻斯特城,0-6,0-3,12*,1.02,-1.25,0.91,20250119181020
伊普斯维奇 vs 曼彻斯特城,0-6,0-3,12*,1.03,-1.25,0.9,20250119180058
伊普斯维奇 vs 曼彻斯特城,0-6,0-3,12*,1.02,-1.25,0.91,20250119171648
伊普斯维奇 vs 曼彻斯特城,0-6,0-3,12*,1.04,-1.25,0.89,20250119170213
伊普斯维奇 vs 曼彻斯特城,0-6,0-3,12*,1.02,-1.25,0.91,20250119165107
伊普斯维奇 vs 曼彻斯特城,0-6,0-3,12*,1.03,-1.25,0.9,20250119163024
伊普斯维奇 vs 曼彻斯特城,0-6,0-3,12*,1.02,-1.25,0.91,20250119161742
伊普斯维奇 vs 曼彻斯特城,0-6,0-3,12*,0.81,-1.5,1.13,20250119161118
伊普斯维奇 vs 曼彻斯特城,0-6,0-3,12*,0.78,-1.5,1.17,20250119154510
伊普斯维奇 vs 曼彻斯特城,0-6,0-3,12*,0.8,-1.5,1.14,20250119152709
伊普斯维奇 vs 曼彻斯特城,0-6,0-3,12*,0.81,-1.5,1.13,20250119152525
伊普斯维奇 vs 曼彻斯特城,0-6,0-3,12*,0.83,-1.5,1.11,20250119152241
伊普斯维奇 vs 曼彻斯特城,0-6,0-3,12*,0.84,-1.5,1.09,20250119150353
伊普斯维奇 vs 曼彻斯特城,0-6,0-3,12*,0.84,-1.5,1.08,20250119144157
伊普斯维奇 vs 曼彻斯特城,0-6,0-3,12*,0.83,-1.5,1.09,20250119142959
伊普斯维奇 vs 曼彻斯特城,0-6,0-3,12*,0.86,-1.5,1.06,20250119142905
伊普斯维奇 vs 曼彻斯特城,0-6,0-3,12*,0.84,-1.5,1.08,20250119134551
伊普斯维奇 vs 曼彻斯特城,0-6,0-3,12*,0.83,-1.5,1.09,20250119134501
伊普斯维奇 vs 曼彻斯特城,0-6,0-3,12*,0.84,-1.5,1.08,20250119132939
伊普斯维奇 vs 曼彻斯特城,0-6,0-3,12*,0.86,-1.5,1.06,20250119131935
伊普斯维奇 vs 曼彻斯特城,0-6,0-3,12*,0.87,-1.5,1.05,20250119130217
伊普斯维奇 vs 曼彻斯特城,0-6,0-3,12*,0.86,-1.5,1.06,20250119121136
伊普斯维奇 vs 曼彻斯特城,0-6,0-3,12*,0.85,-1.5,1.07,20250119120314
伊普斯维奇 vs 曼彻斯特城,0-6,0-3,12*,0.85,-1.5,1.05,20250119112846
伊普斯维奇 vs 曼彻斯特城,0-6,0-3,12*,0.86,-1.5,1.04,20250119110224
伊普斯维奇 vs 曼彻斯特城,0-6,0-3,12*,0.85,-1.5,1.05,20250119093749
伊普斯维奇 vs 曼彻斯特城,0-6,0-3,12*,0.82,-1.5,1.08,20250119072820
伊普斯维奇 vs 曼彻斯特城,0-6,0-3,12*,0.85,-1.5,1.05,20250119052933
伊普斯维奇 vs 曼彻斯特城,0-6,0-3,12*,0.87,-1.5,1.03,20250119051733
伊普斯维奇 vs 曼彻斯特城,0-6,0-3,12*,0.86,-1.5,1.04,20250119035339
伊普斯维奇 vs 曼彻斯特城,0-6,0-3,12*,0.84,-1.5,1.06,20250119035158
伊普斯维奇 vs 曼彻斯特城,0-6,0-3,12*,0.9,-1.5,1.0,20250119031246
伊普斯维奇 vs 曼彻斯特城,0-6,0-3,12*,0.89,-1.5,1.01,20250119024730
伊普斯维奇 vs 曼彻斯特城,0-6,0-3,12*,0.87,-1.5,1.03,20250119000017
伊普斯维奇 vs 曼彻斯特城,0-6,0-3,12*,0.86,-1.5,1.04,20250118190252
伊普斯维奇 vs 曼彻斯特城,0-6,0-3,12*,0.87,-1.5,1.03,20250118130406
伊普斯维奇 vs 曼彻斯特城,0-6,0-3,12*,0.87,-1.5,1.01,20250117220429
伊普斯维奇 vs 曼彻斯特城,0-6,0-3,12*,0.86,-1.5,1.02,20250117220249
伊普斯维奇 vs 曼彻斯特城,0-6,0-3,12*,0.91,-1.5,0.97,20250117184422
伊普斯维奇 vs 曼彻斯特城,0-6,0-3,12*,0.94,-1.5,0.94,20250117180638
伊普斯维奇 vs 曼彻斯特城,0-6,0-3,12*,0.93,-1.5,0.95,20250117174021
伊普斯维奇 vs 曼彻斯特城,0-6,0-3,12*,0.92,-1.5,0.96,20250117061117
伊普斯维奇 vs 曼彻斯特城,0-6,0-3,12*,0.9,-1.5,0.98,20250116202456
伊普斯维奇 vs 曼彻斯特城,0-6,0-3,12*,0.89,-1.5,0.99,20250116160302
伊普斯维奇 vs 曼彻斯特城,0-6,0-3,12*,0.9,-1.5,0.98,20250115194211
伊普斯维奇 vs 曼彻斯特城,0-6,0-3,12*,0.92,-1.5,0.96,20250115180651
伊普斯维奇 vs 曼彻斯特城,0-6,0-3,12*,0.9,-1.5,0.98,20250115172037
伊普斯维奇 vs 曼彻斯特城,0-6,0-3,12*,0.93,-1.5,0.95,20250115060918
伊普斯维奇 vs 曼彻斯特城,0-6,0-3,12*,0.91,-1.5,0.97,20250114232241
伊普斯维奇 vs 曼彻斯特城,0-6,0-3,12*,0.93,-1.5,0.95,20250114230342
伊普斯维奇 vs 曼彻斯特城,0-6,0-3,12*,0.94,-1.5,0.94,20250114145349
伊普斯维奇 vs 曼彻斯特城,0-6,0-3,12*,0.95,-1.5,0.93,20250113190133
伊普斯维奇 vs 曼彻斯特城,0-6,0-3,12*,0.96,-1.5,0.92,20250113103206
伊普斯维奇 vs 曼彻斯特城,0-6,0-3,12*,0.94,-1.5,0.94,20250113040822
伊普斯维奇 vs 曼彻斯特城,0-6,0-3,12*,0.95,-1.5,0.93,20250112062929
伊普斯维奇 vs 曼彻斯特城,0-6,0-3,12*,0.94,-1.5,0.94,20250112043914
伊普斯维奇 vs 曼彻斯特城,0-6,0-3,12*,0.88,-1.5,1.0,20250110182819
伊普斯维奇 vs 曼彻斯特城,0-6,0-3,12*,0.89,-1.5,0.99,20250110112653
伊普斯维奇 vs 曼彻斯特城,0-6,0-3,12*,0.9,-1.5,0.98,20250107214830
伊普斯维奇 vs 曼彻斯特城,0-6,0-3,12*,0.89,-1.5,0.99,20250107002800
伊普斯维奇 vs 曼彻斯特城,0-6,0-3,12*,0.93,-1.5,0.95,20250106071849
伊普斯维奇 vs 曼彻斯特城,0-6,0-3,12*,0.92,-1.5,0.96,20250106064051
伊普斯维奇 vs 曼彻斯特城,0-6,0-3,12*,1.08,-1.5,0.8,20250105214217
伊普斯维奇 vs 曼彻斯特城,0-6,0-3,利*,0.86,-1.5,1.08,20250120002715
伊普斯维奇 vs 曼彻斯特城,0-6,0-3,利*,0.85,-1.5,1.09,20250120002517
伊普斯维奇 vs 曼彻斯特城,0-6,0-3,利*,0.84,-1.5,1.11,20250120002316
伊普斯维奇 vs 曼彻斯特城,0-6,0-3,利*,0.85,-1.5,1.09,20250120001746
伊普斯维奇 vs 曼彻斯特城,0-6,0-3,利*,0.87,-1.5,1.07,20250120001206
伊普斯维奇 vs 曼彻斯特城,0-6,0-3,利*,0.86,-1.5,1.08,20250120001013
伊普斯维奇 vs 曼彻斯特城,0-6,0-3,利*,0.87,-1.5,1.07,20250120000816
伊普斯维奇 vs 曼彻斯特城,0-6,0-3,利*,1.13,-1.25,0.82,20250120000617
伊普斯维奇 vs 曼彻斯特城,0-6,0-3,利*,1.11,-1.25,0.84,20250120000214
伊普斯维奇 vs 曼彻斯特城,0-6,0-3,利*,0.85,-1.5,1.09,20250120000022
伊普斯维奇 vs 曼彻斯特城,0-6,0-3,利*,0.86,-1.5,1.08,20250119235806
伊普斯维奇 vs 曼彻斯特城,0-6,0-3,利*,0.9,-1.5,1.04,20250119235559
伊普斯维奇 vs 曼彻斯特城,0-6,0-3,利*,0.86,-1.5,1.08,20250119235401
伊普斯维奇 vs 曼彻斯特城,0-6,0-3,利*,0.85,-1.5,1.09,20250119234932
伊普斯维奇 vs 曼彻斯特城,0-6,0-3,利*,1.11,-1.25,0.84,20250119234731
伊普斯维奇 vs 曼彻斯特城,0-6,0-3,利*,0.84,-1.5,1.11,20250119234111
伊普斯维奇 vs 曼彻斯特城,0-6,0-3,利*,1.08,-1.25,0.86,20250119233042
伊普斯维奇 vs 曼彻斯特城,0-6,0-3,利*,1.07,-1.25,0.87,20250119232625
伊普斯维奇 vs 曼彻斯特城,0-6,0-3,利*,1.06,-1.25,0.88,20250119232427
伊普斯维奇 vs 曼彻斯特城,0-6,0-3,利*,1.05,-1.25,0.89,20250119232236
伊普斯维奇 vs 曼彻斯特城,0-6,0-3,利*,1.04,-1.25,0.9,20250119231448
伊普斯维奇 vs 曼彻斯特城,0-6,0-3,利*,1.02,-1.25,0.92,20250119231256
伊普斯维奇 vs 曼彻斯特城,0-6,0-3,利*,1.03,-1.25,0.91,20250119230238
伊普斯维奇 vs 曼彻斯特城,0-6,0-3,利*,1.02,-1.25,0.92,20250119225607
伊普斯维奇 vs 曼彻斯特城,0-6,0-3,利*,1.01,-1.25,0.93,20250119224115
伊普斯维奇 vs 曼彻斯特城,0-6,0-3,利*,1.0,-1.25,0.94,20250119223706
伊普斯维奇 vs 曼彻斯特城,0-6,0-3,利*,0.98,-1.25,0.96,20250119222436
伊普斯维奇 vs 曼彻斯特城,0-6,0-3,利*,0.97,-1.25,0.97,20250119221811
伊普斯维奇 vs 曼彻斯特城,0-6,0-3,利*,0.94,-1.25,1.0,20250119215844
伊普斯维奇 vs 曼彻斯特城,0-6,0-3,利*,0.93,-1.25,1.01,20250119214922
伊普斯维奇 vs 曼彻斯特城,0-6,0-3,利*,0.95,-1.25,0.99,20250119214709
伊普斯维奇 vs 曼彻斯特城,0-6,0-3,利*,0.94,-1.25,1.0,20250119213532
伊普斯维奇 vs 曼彻斯特城,0-6,0-3,利*,0.93,-1.25,1.01,20250119213322
伊普斯维奇 vs 曼彻斯特城,0-6,0-3,利*,0.92,-1.25,1.02,20250119212425
伊普斯维奇 vs 曼彻斯特城,0-6,0-3,利*,0.93,-1.25,1.01,20250119211941
伊普斯维奇 vs 曼彻斯特城,0-6,0-3,利*,0.9,-1.25,1.04,20250119211730
伊普斯维奇 vs 曼彻斯特城,0-6,0-3,利*,0.9,-1.25,1.03,20250119210342
伊普斯维奇 vs 曼彻斯特城,0-6,0-3,利*,0.89,-1.25,1.04,20250119205337
伊普斯维奇 vs 曼彻斯特城,0-6,0-3,利*,0.88,-1.25,1.05,20250119204351
伊普斯维奇 vs 曼彻斯特城,0-6,0-3,利*,0.87,-1.25,1.06,20250119203424
伊普斯维奇 vs 曼彻斯特城,0-6,0-3,利*,0.86,-1.25,1.07,20250119202700
伊普斯维奇 vs 曼彻斯特城,0-6,0-3,利*,0.85,-1.25,1.08,20250119195418
伊普斯维奇 vs 曼彻斯特城,0-6,0-3,利*,0.84,-1.25,1.09,20250119192841
伊普斯维奇 vs 曼彻斯特城,0-6,0-3,利*,0.83,-1.25,1.11,20250119192309
伊普斯维奇 vs 曼彻斯特城,0-6,0-3,利*,0.82,-1.25,1.12,20250119192036
伊普斯维奇 vs 曼彻斯特城,0-6,0-3,利*,1.12,-1.0,0.82,20250119191250
伊普斯维奇 vs 曼彻斯特城,0-6,0-3,利*,0.84,-1.25,1.09,20250119191023
伊普斯维奇 vs 曼彻斯特城,0-6,0-3,利*,0.88,-1.25,1.05,20250119190515
伊普斯维奇 vs 曼彻斯特城,0-6,0-3,利*,0.93,-1.25,1.0,20250119190245
伊普斯维奇 vs 曼彻斯特城,0-6,0-3,利*,1.02,-1.25,0.91,20250119184655
伊普斯维奇 vs 曼彻斯特城,0-6,0-3,利*,1.03,-1.25,0.9,20250119181257
伊普斯维奇 vs 曼彻斯特城,0-6,0-3,利*,1.02,-1.25,0.91,20250119165733
伊普斯维奇 vs 曼彻斯特城,0-6,0-3,利*,1.03,-1.25,0.9,20250119164102
伊普斯维奇 vs 曼彻斯特城,0-6,0-3,利*,1.02,-1.25,0.91,20250119163702
伊普斯维奇 vs 曼彻斯特城,0-6,0-3,利*,1.06,-1.25,0.87,20250119163031
伊普斯维奇 vs 曼彻斯特城,0-6,0-3,利*,1.05,-1.25,0.88,20250119162611
伊普斯维奇 vs 曼彻斯特城,0-6,0-3,利*,1.06,-1.25,0.87,20250119161932
伊普斯维奇 vs 曼彻斯特城,0-6,0-3,利*,1.04,-1.25,0.89,20250119160726
伊普斯维奇 vs 曼彻斯特城,0-6,0-3,利*,1.03,-1.25,0.9,20250119152648
伊普斯维奇 vs 曼彻斯特城,0-6,0-3,利*,1.07,-1.25,0.86,20250119152245
伊普斯维奇 vs 曼彻斯特城,0-6,0-3,利*,0.86,-1.5,1.07,20250119150236
伊普斯维奇 vs 曼彻斯特城,0-6,0-3,利*,0.86,-1.5,1.06,20250119150029
伊普斯维奇 vs 曼彻斯特城,0-6,0-3,利*,0.87,-1.5,1.05,20250119145500
伊普斯维奇 vs 曼彻斯特城,0-6,0-3,利*,0.84,-1.5,1.08,20250119134347
伊普斯维奇 vs 曼彻斯特城,0-6,0-3,利*,1.08,-1.25,0.84,20250119133603
伊普斯维奇 vs 曼彻斯特城,0-6,0-3,利*,0.84,-1.5,1.08,20250119132749
伊普斯维奇 vs 曼彻斯特城,0-6,0-3,利*,0.86,-1.5,1.06,20250119121255
伊普斯维奇 vs 曼彻斯特城,0-6,0-3,利*,0.82,-1.5,1.11,20250119120635
伊普斯维奇 vs 曼彻斯特城,0-6,0-3,利*,0.82,-1.5,1.08,20250119035228
伊普斯维奇 vs 曼彻斯特城,0-6,0-3,利*,0.87,-1.5,1.03,20250118190329
伊普斯维奇 vs 曼彻斯特城,0-6,0-3,利*,0.9,-1.5,1.0,20250117220730
伊普斯维奇 vs 曼彻斯特城,0-6,0-3,利*,0.91,-1.5,0.99,20250117220443
伊普斯维奇 vs 曼彻斯特城,0-6,0-3,利*,0.94,-1.5,0.96,20250116160405
伊普斯维奇 vs 曼彻斯特城,0-6,0-3,利*,0.95,-1.5,0.95,20250116064724
伊普斯维奇 vs 曼彻斯特城,0-6,0-3,利*,0.7,-1.75,1.25,20250116063139
伊普斯维奇 vs 曼彻斯特城,0-6,0-3,利*,0.95,-1.5,0.95,20250115180600
伊普斯维奇 vs 曼彻斯特城,0-6,0-3,利*,0.91,-1.5,0.99,20250115172032
伊普斯维奇 vs 曼彻斯特城,0-6,0-3,利*,0.97,-1.5,0.93,20250113103245
伊普斯维奇 vs 曼彻斯特城,0-6,0-3,利*,0.94,-1.5,0.96,20250112063114
伊普斯维奇 vs 曼彻斯特城,0-6,0-3,利*,0.91,-1.5,0.99,20250110182826
伊普斯维奇 vs 曼彻斯特城,0-6,0-3,利*,0.93,-1.5,0.97,20250107214948
伊普斯维奇 vs 曼彻斯特城,0-6,0-3,利*,0.91,-1.5,0.99,20250106061526
伊普斯维奇 vs 曼彻斯特城,0-6,0-3,利*,1.07,-1.5,0.83,20250106025924
伊普斯维奇 vs 曼彻斯特城,0-6,0-3,盈*,1.05,-1.25,0.87,20250120002915
伊普斯维奇 vs 曼彻斯特城,0-6,0-3,盈*,1.06,-1.25,0.86,20250120002807
伊普斯维奇 vs 曼彻斯特城,0-6,0-3,盈*,0.87,-1.5,1.05,20250120002113
伊普斯维奇 vs 曼彻斯特城,0-6,0-3,盈*,0.88,-1.5,1.04,20250120002004
伊普斯维奇 vs 曼彻斯特城,0-6,0-3,盈*,0.86,-1.5,1.06,20250120001855
伊普斯维奇 vs 曼彻斯特城,0-6,0-3,盈*,0.87,-1.5,1.05,20250120001526
伊普斯维奇 vs 曼彻斯特城,0-6,0-3,盈*,0.85,-1.5,1.07,20250120001051
伊普斯维奇 vs 曼彻斯特城,0-6,0-3,盈*,1.07,-1.25,0.85,20250120000831
伊普斯维奇 vs 曼彻斯特城,0-6,0-3,盈*,0.85,-1.5,1.07,20250120000610
伊普斯维奇 vs 曼彻斯特城,0-6,0-3,盈*,1.07,-1.25,0.85,20250120000338
伊普斯维奇 vs 曼彻斯特城,0-6,0-3,盈*,0.88,-1.5,1.04,20250119235529
伊普斯维奇 vs 曼彻斯特城,0-6,0-3,盈*,0.85,-1.5,1.07,20250119235409
伊普斯维奇 vs 曼彻斯特城,0-6,0-3,盈*,0.88,-1.5,1.04,20250119235249
伊普斯维奇 vs 曼彻斯特城,0-6,0-3,盈*,0.86,-1.5,1.06,20250119235125
伊普斯维奇 vs 曼彻斯特城,0-6,0-3,盈*,0.87,-1.5,1.05,20250119234042
伊普斯维奇 vs 曼彻斯特城,0-6,0-3,盈*,1.07,-1.25,0.85,20250119233332
伊普斯维奇 vs 曼彻斯特城,0-6,0-3,盈*,0.85,-1.5,1.07,20250119232621
伊普斯维奇 vs 曼彻斯特城,0-6,0-3,盈*,1.06,-1.25,0.86,20250119232321
伊普斯维奇 vs 曼彻斯特城,0-6,0-3,盈*,1.02,-1.25,0.9,20250119225503
伊普斯维奇 vs 曼彻斯特城,0-6,0-3,盈*,0.98,-1.25,0.94,20250119222610
伊普斯维奇 vs 曼彻斯特城,0-6,0-3,盈*,0.92,-1.25,1.0,20250119213118
伊普斯维奇 vs 曼彻斯特城,0-6,0-3,盈*,0.91,-1.25,1.01,20250119211827
伊普斯维奇 vs 曼彻斯特城,0-6,0-3,盈*,0.89,-1.25,1.03,20250119203817
伊普斯维奇 vs 曼彻斯特城,0-6,0-3,盈*,0.88,-1.25,1.04,20250119203345
伊普斯维奇 vs 曼彻斯特城,0-6,0-3,盈*,0.85,-1.25,1.07,20250119202842
伊普斯维奇 vs 曼彻斯特城,0-6,0-3,盈*,0.84,-1.25,1.08,20250119194703
伊普斯维奇 vs 曼彻斯特城,0-6,0-3,盈*,0.83,-1.25,1.09,20250119192834
伊普斯维奇 vs 曼彻斯特城,0-6,0-3,盈*,1.09,-1.0,0.83,20250119191349
伊普斯维奇 vs 曼彻斯特城,0-6,0-3,盈*,1.06,-1.0,0.86,20250119191122
伊普斯维奇 vs 曼彻斯特城,0-6,0-3,盈*,0.86,-1.25,1.06,20250119190856
伊普斯维奇 vs 曼彻斯特城,0-6,0-3,盈*,0.87,-1.25,1.05,20250119190629
伊普斯维奇 vs 曼彻斯特城,0-6,0-3,盈*,0.88,-1.25,1.04,20250119190401
伊普斯维奇 vs 曼彻斯特城,0-6,0-3,盈*,1.02,-1.25,0.9,20250119184040
伊普斯维奇 vs 曼彻斯特城,0-6,0-3,盈*,1.01,-1.25,0.91,20250119181936
伊普斯维奇 vs 曼彻斯特城,0-6,0-3,盈*,1.02,-1.25,0.9,20250119175540
伊普斯维奇 vs 曼彻斯特城,0-6,0-3,盈*,1.01,-1.25,0.91,20250119174049
伊普斯维奇 vs 曼彻斯特城,0-6,0-3,盈*,1.02,-1.25,0.9,20250119171753
伊普斯维奇 vs 曼彻斯特城,0-6,0-3,盈*,1.04,-1.25,0.88,20250119170315
伊普斯维奇 vs 曼彻斯特城,0-6,0-3,盈*,1.03,-1.25,0.89,20250119163700
伊普斯维奇 vs 曼彻斯特城,0-6,0-3,盈*,1.02,-1.25,0.9,20250119163405
伊普斯维奇 vs 曼彻斯特城,0-6,0-3,盈*,1.01,-1.25,0.89,20250119161927
伊普斯维奇 vs 曼彻斯特城,0-6,0-3,盈*,1.03,-1.25,0.87,20250119152746
伊普斯维奇 vs 曼彻斯特城,0-6,0-3,盈*,0.84,-1.5,1.06,20250119144116
伊普斯维奇 vs 曼彻斯特城,0-6,0-3,盈*,1.06,-1.25,0.84,20250119141029
伊普斯维奇 vs 曼彻斯特城,0-6,0-3,盈*,1.05,-1.25,0.85,20250119133006
伊普斯维奇 vs 曼彻斯特城,0-6,0-3,盈*,0.85,-1.5,1.05,20250119131721
伊普斯维奇 vs 曼彻斯特城,0-6,0-3,盈*,1.06,-1.25,0.84,20250119120547
伊普斯维奇 vs 曼彻斯特城,0-6,0-3,盈*,0.86,-1.5,1.04,20250119111441
伊普斯维奇 vs 曼彻斯特城,0-6,0-3,盈*,0.85,-1.5,1.05,20250119102816
伊普斯维奇 vs 曼彻斯特城,0-6,0-3,盈*,0.92,-1.5,0.98,20250119003324
伊普斯维奇 vs 曼彻斯特城,0-6,0-3,盈*,0.91,-1.5,0.97,20250118171137
伊普斯维奇 vs 曼彻斯特城,0-6,0-3,盈*,0.92,-1.5,0.96,20250118170845
伊普斯维奇 vs 曼彻斯特城,0-6,0-3,盈*,0.91,-1.5,0.97,20250118160130
伊普斯维奇 vs 曼彻斯特城,0-6,0-3,盈*,0.94,-1.5,0.94,20250117053244
伊普斯维奇 vs 曼彻斯特城,0-6,0-3,盈*,0.93,-1.5,0.95,20250116210138
伊普斯维奇 vs 曼彻斯特城,0-6,0-3,盈*,0.94,-1.5,0.94,20250115070706
伊普斯维奇 vs 曼彻斯特城,0-6,0-3,盈*,0.97,-1.5,0.91,20250115064045
伊普斯维奇 vs 曼彻斯特城,0-6,0-3,盈*,0.94,-1.5,0.94,20250115043232
伊普斯维奇 vs 曼彻斯特城,0-6,0-3,盈*,0.98,-1.5,0.9,20250113142637
伊普斯维奇 vs 曼彻斯特城,0-6,0-3,盈*,0.97,-1.5,0.91,20250113010933
伊普斯维奇 vs 曼彻斯特城,0-6,0-3,盈*,0.94,-1.5,0.94,20250112230550
伊普斯维奇 vs 曼彻斯特城,0-6,0-3,盈*,0.95,-1.5,0.93,20250112083240
伊普斯维奇 vs 曼彻斯特城,0-6,0-3,盈*,0.94,-1.5,0.94,20250112082923
伊普斯维奇 vs 曼彻斯特城,0-6,0-3,盈*,0.93,-1.5,0.95,20250112050337
伊普斯维奇 vs 曼彻斯特城,0-6,0-3,盈*,0.91,-1.5,0.97,20250112021656
伊普斯维奇 vs 曼彻斯特城,0-6,0-3,盈*,0.9,-1.5,0.98,20250112014627
伊普斯维奇 vs 曼彻斯特城,0-6,0-3,盈*,0.89,-1.5,0.99,20250111150606
伊普斯维奇 vs 曼彻斯特城,0-6,0-3,盈*,0.9,-1.5,0.98,20250110160021
伊普斯维奇 vs 曼彻斯特城,0-6,0-3,盈*,0.92,-1.5,0.96,20250110155647
伊普斯维奇 vs 曼彻斯特城,0-6,0-3,盈*,0.9,-1.5,0.98,20250110111938
伊普斯维奇 vs 曼彻斯特城,0-6,0-3,盈*,0.91,-1.5,0.97,20250110101609
伊普斯维奇 vs 曼彻斯特城,0-6,0-3,盈*,0.92,-1.5,0.96,20250110100318
伊普斯维奇 vs 曼彻斯特城,0-6,0-3,盈*,0.91,-1.5,0.97,20250109221252
伊普斯维奇 vs 曼彻斯特城,0-6,0-3,盈*,0.92,-1.5,0.96,20250109220840
伊普斯维奇 vs 曼彻斯特城,0-6,0-3,盈*,0.9,-1.5,0.98,20250109115716
伊普斯维奇 vs 曼彻斯特城,0-6,0-3,盈*,0.92,-1.5,0.96,20250109115346
伊普斯维奇 vs 曼彻斯特城,0-6,0-3,盈*,0.9,-1.5,0.98,20250109045652
伊普斯维奇 vs 曼彻斯特城,0-6,0-3,盈*,0.92,-1.5,0.96,20250109045319
伊普斯维奇 vs 曼彻斯特城,0-6,0-3,盈*,0.9,-1.5,0.98,20250108190847
伊普斯维奇 vs 曼彻斯特城,0-6,0-3,盈*,0.92,-1.5,0.96,20250108185116
伊普斯维奇 vs 曼彻斯特城,0-6,0-3,盈*,0.9,-1.5,0.98,20250108152436
伊普斯维奇 vs 曼彻斯特城,0-6,0-3,盈*,0.92,-1.5,0.96,20250108144331
伊普斯维奇 vs 曼彻斯特城,0-6,0-3,盈*,0.9,-1.5,0.98,20250108052700
伊普斯维奇 vs 曼彻斯特城,0-6,0-3,盈*,0.92,-1.5,0.96,20250108051648
伊普斯维奇 vs 曼彻斯特城,0-6,0-3,盈*,0.9,-1.5,0.98,20250107225025
伊普斯维奇 vs 曼彻斯特城,0-6,0-3,盈*,0.92,-1.5,0.96,20250107224714
伊普斯维奇 vs 曼彻斯特城,0-6,0-3,盈*,0.89,-1.5,0.99,20250107171804
伊普斯维奇 vs 曼彻斯特城,0-6,0-3,盈*,0.9,-1.5,0.98,20250107170901
伊普斯维奇 vs 曼彻斯特城,0-6,0-3,盈*,0.89,-1.5,0.99,20250107012426
伊普斯维奇 vs 曼彻斯特城,0-6,0-3,盈*,0.9,-1.5,0.98,20250107012137
伊普斯维奇 vs 曼彻斯特城,0-6,0-3,盈*,0.91,-1.5,0.97,20250106192656
伊普斯维奇 vs 曼彻斯特城,0-6,0-3,盈*,0.9,-1.5,0.98,20250106192425
伊普斯维奇 vs 曼彻斯特城,0-6,0-3,盈*,0.91,-1.5,0.97,20250106160102
伊普斯维奇 vs 曼彻斯特城,0-6,0-3,盈*,0.9,-1.5,0.98,20250106155108
伊普斯维奇 vs 曼彻斯特城,0-6,0-3,盈*,0.91,-1.5,0.97,20250106154610
伊普斯维奇 vs 曼彻斯特城,0-6,0-3,盈*,0.9,-1.5,0.98,20250106154110
伊普斯维奇 vs 曼彻斯特城,0-6,0-3,盈*,0.92,-1.5,0.96,20250106061656
伊普斯维奇 vs 曼彻斯特城,0-6,0-3,盈*,0.86,-1.75,1.02,20250106042533
伊普斯维奇 vs 曼彻斯特城,0-6,0-3,18*,0.81,-1.5,1.04,20250120002852
伊普斯维奇 vs 曼彻斯特城,0-6,0-3,18*,0.82,-1.5,1.03,20250120002129
伊普斯维奇 vs 曼彻斯特城,0-6,0-3,18*,0.83,-1.5,1.02,20250120001407
伊普斯维奇 vs 曼彻斯特城,0-6,0-3,18*,0.82,-1.5,1.03,20250120000556
伊普斯维奇 vs 曼彻斯特城,0-6,0-3,18*,0.81,-1.5,1.04,20250120000502
伊普斯维奇 vs 曼彻斯特城,0-6,0-3,18*,0.82,-1.5,1.03,20250120000321
伊普斯维奇 vs 曼彻斯特城,0-6,0-3,18*,0.81,-1.5,1.05,20250120000044
伊普斯维奇 vs 曼彻斯特城,0-6,0-3,18*,0.81,-1.5,1.04,20250119235952
伊普斯维奇 vs 曼彻斯特城,0-6,0-3,18*,0.82,-1.5,1.03,20250119235902
伊普斯维奇 vs 曼彻斯特城,0-6,0-3,18*,0.84,-1.5,1.01,20250119235742
伊普斯维奇 vs 曼彻斯特城,0-6,0-3,18*,0.85,-1.5,1.0,20250119235604
伊普斯维奇 vs 曼彻斯特城,0-6,0-3,18*,0.82,-1.5,1.03,20250119235509
伊普斯维奇 vs 曼彻斯特城,0-6,0-3,18*,0.81,-1.5,1.04,20250119235419
伊普斯维奇 vs 曼彻斯特城,0-6,0-3,18*,0.81,-1.5,1.05,20250119235140
伊普斯维奇 vs 曼彻斯特城,0-6,0-3,18*,1.05,-1.25,0.81,20250119234035
伊普斯维奇 vs 曼彻斯特城,0-6,0-3,18*,1.04,-1.25,0.81,20250119233945
伊普斯维奇 vs 曼彻斯特城,0-6,0-3,18*,1.03,-1.25,0.82,20250119233825
伊普斯维奇 vs 曼彻斯特城,0-6,0-3,18*,1.02,-1.25,0.83,20250119233555
伊普斯维奇 vs 曼彻斯特城,0-6,0-3,18*,1.03,-1.25,0.82,20250119232508
伊普斯维奇 vs 曼彻斯特城,0-6,0-3,18*,1.02,-1.25,0.83,20250119232331
伊普斯维奇 vs 曼彻斯特城,0-6,0-3,18*,1.01,-1.25,0.84,20250119232148
伊普斯维奇 vs 曼彻斯特城,0-6,0-3,18*,0.98,-1.25,0.87,20250119231705
伊普斯维奇 vs 曼彻斯特城,0-6,0-3,18*,0.97,-1.25,0.87,20250119225825
伊普斯维奇 vs 曼彻斯特城,0-6,0-3,18*,0.98,-1.25,0.87,20250119225700
伊普斯维奇 vs 曼彻斯特城,0-6,0-3,18*,0.97,-1.25,0.87,20250119225610
伊普斯维奇 vs 曼彻斯特城,0-6,0-3,18*,0.97,-1.25,0.88,20250119225425
伊普斯维奇 vs 曼彻斯特城,0-6,0-3,18*,0.95,-1.25,0.9,20250119224429
伊普斯维奇 vs 曼彻斯特城,0-6,0-3,18*,0.94,-1.25,0.9,20250119222542
伊普斯维奇 vs 曼彻斯特城,0-6,0-3,18*,0.94,-1.25,0.91,20250119222402
伊普斯维奇 vs 曼彻斯特城,0-6,0-3,18*,0.9,-1.25,0.95,20250119222052
伊普斯维奇 vs 曼彻斯特城,0-6,0-3,18*,0.89,-1.25,0.96,20250119221634
伊普斯维奇 vs 曼彻斯特城,0-6,0-3,18*,0.88,-1.25,0.97,20250119220940
伊普斯维奇 vs 曼彻斯特城,0-6,0-3,18*,0.87,-1.25,0.97,20250119212937
伊普斯维奇 vs 曼彻斯特城,0-6,0-3,18*,0.88,-1.25,0.97,20250119212844
伊普斯维奇 vs 曼彻斯特城,0-6,0-3,18*,0.86,-1.25,0.98,20250119212444
伊普斯维奇 vs 曼彻斯特城,0-6,0-3,18*,0.87,-1.25,0.97,20250119212348
伊普斯维奇 vs 曼彻斯特城,0-6,0-3,18*,0.86,-1.25,0.98,20250119211608
伊普斯维奇 vs 曼彻斯特城,0-6,0-3,18*,0.85,-1.25,0.99,20250119204624
伊普斯维奇 vs 曼彻斯特城,0-6,0-3,18*,0.86,-1.25,0.99,20250119204222
伊普斯维奇 vs 曼彻斯特城,0-6,0-3,18*,0.85,-1.25,0.99,20250119203949
伊普斯维奇 vs 曼彻斯特城,0-6,0-3,18*,0.85,-1.25,1.0,20250119203856
伊普斯维奇 vs 曼彻斯特城,0-6,0-3,18*,0.83,-1.25,1.02,20250119203716
伊普斯维奇 vs 曼彻斯特城,0-6,0-3,18*,0.82,-1.25,1.04,20250119203350
伊普斯维奇 vs 曼彻斯特城,0-6,0-3,18*,0.81,-1.25,1.04,20250119201107
伊普斯维奇 vs 曼彻斯特城,0-6,0-3,18*,0.82,-1.25,1.03,20250119195959
伊普斯维奇 vs 曼彻斯特城,0-6,0-3,18*,0.81,-1.25,1.04,20250119195725
伊普斯维奇 vs 曼彻斯特城,0-6,0-3,18*,0.81,-1.25,1.05,20250119192902
伊普斯维奇 vs 曼彻斯特城,0-6,0-3,18*,0.8,-1.25,1.06,20250119192808
伊普斯维奇 vs 曼彻斯特城,0-6,0-3,18*,1.07,-1.0,0.79,20250119192627
伊普斯维奇 vs 曼彻斯特城,0-6,0-3,18*,0.79,-1.25,1.07,20250119191849
伊普斯维奇 vs 曼彻斯特城,0-6,0-3,18*,1.06,-1.0,0.8,20250119191448
伊普斯维奇 vs 曼彻斯特城,0-6,0-3,18*,1.07,-1.0,0.79,20250119191212
伊普斯维奇 vs 曼彻斯特城,0-6,0-3,18*,1.06,-1.0,0.8,20250119191121
伊普斯维奇 vs 曼彻斯特城,0-6,0-3,18*,0.82,-1.25,1.03,20250119190809
伊普斯维奇 vs 曼彻斯特城,0-6,0-3,18*,0.84,-1.25,1.01,20250119190718
伊普斯维奇 vs 曼彻斯特城,0-6,0-3,18*,0.85,-1.25,0.99,20250119190539
伊普斯维奇 vs 曼彻斯特城,0-6,0-3,18*,0.86,-1.25,0.99,20250119190447
伊普斯维奇 vs 曼彻斯特城,0-6,0-3,18*,0.9,-1.25,0.94,20250119190357
伊普斯维奇 vs 曼彻斯特城,0-6,0-3,18*,0.94,-1.25,0.9,20250119190213
伊普斯维奇 vs 曼彻斯特城,0-6,0-3,18*,0.96,-1.25,0.88,20250119185940
伊普斯维奇 vs 曼彻斯特城,0-6,0-3,18*,0.98,-1.25,0.86,20250119185806
伊普斯维奇 vs 曼彻斯特城,0-6,0-3,18*,0.98,-1.25,0.87,20250119185404
伊普斯维奇 vs 曼彻斯特城,0-6,0-3,18*,0.97,-1.25,0.87,20250119185219
伊普斯维奇 vs 曼彻斯特城,0-6,0-3,18*,0.98,-1.25,0.87,20250119183612
伊普斯维奇 vs 曼彻斯特城,0-6,0-3,18*,0.98,-1.25,0.86,20250119183524
伊普斯维奇 vs 曼彻斯特城,0-6,0-3,18*,0.98,-1.25,0.87,20250119180649
伊普斯维奇 vs 曼彻斯特城,0-6,0-3,18*,0.98,-1.25,0.86,20250119180056
伊普斯维奇 vs 曼彻斯特城,0-6,0-3,18*,0.98,-1.25,0.87,20250119171811
伊普斯维奇 vs 曼彻斯特城,0-6,0-3,18*,0.98,-1.25,0.86,20250119170209
伊普斯维奇 vs 曼彻斯特城,0-6,0-3,18*,0.98,-1.25,0.87,20250119164025
伊普斯维奇 vs 曼彻斯特城,0-6,0-3,18*,0.97,-1.25,0.87,20250119163802
伊普斯维奇 vs 曼彻斯特城,0-6,0-3,18*,0.98,-1.25,0.86,20250119163058
伊普斯维奇 vs 曼彻斯特城,0-6,0-3,18*,0.98,-1.25,0.87,20250119161656
伊普斯维奇 vs 曼彻斯特城,0-6,0-3,18*,0.99,-1.25,0.86,20250119152914
伊普斯维奇 vs 曼彻斯特城,0-6,0-3,18*,0.99,-1.25,0.85,20250119152553
伊普斯维奇 vs 曼彻斯特城,0-6,0-3,18*,1.01,-1.25,0.84,20250119152350
伊普斯维奇 vs 曼彻斯特城,0-6,0-3,18*,1.02,-1.25,0.83,20250119152205
伊普斯维奇 vs 曼彻斯特城,0-6,0-3,18*,1.03,-1.25,0.82,20250119150341
伊普斯维奇 vs 曼彻斯特城,0-6,0-3,18*,0.82,-1.5,1.04,20250119144144
伊普斯维奇 vs 曼彻斯特城,0-6,0-3,18*,1.04,-1.25,0.81,20250119143637
伊普斯维奇 vs 曼彻斯特城,0-6,0-3,18*,1.03,-1.25,0.82,20250119143006
伊普斯维奇 vs 曼彻斯特城,0-6,0-3,18*,0.82,-1.5,1.03,20250119142917
伊普斯维奇 vs 曼彻斯特城,0-6,0-3,18*,0.83,-1.5,1.02,20250119142835
伊普斯维奇 vs 曼彻斯特城,0-6,0-3,18*,0.82,-1.5,1.04,20250119134500
伊普斯维奇 vs 曼彻斯特城,0-6,0-3,18*,0.82,-1.5,1.03,20250119132957
伊普斯维奇 vs 曼彻斯特城,0-6,0-3,18*,0.83,-1.5,1.02,20250119131722
伊普斯维奇 vs 曼彻斯特城,0-6,0-3,18*,0.84,-1.5,1.01,20250119131444
伊普斯维奇 vs 曼彻斯特城,0-6,0-3,18*,0.84,-1.5,1.0,20250119131355
伊普斯维奇 vs 曼彻斯特城,0-6,0-3,18*,0.84,-1.5,1.01,20250119131215
伊普斯维奇 vs 曼彻斯特城,0-6,0-3,18*,0.83,-1.5,1.02,20250119124511
伊普斯维奇 vs 曼彻斯特城,0-6,0-3,18*,0.82,-1.5,1.03,20250119123707
伊普斯维奇 vs 曼彻斯特城,0-6,0-3,18*,0.83,-1.5,1.02,20250119113008
伊普斯维奇 vs 曼彻斯特城,0-6,0-3,18*,0.84,-1.5,1.01,20250119104721
伊普斯维奇 vs 曼彻斯特城,0-6,0-3,18*,0.83,-1.5,1.02,20250119104536
伊普斯维奇 vs 曼彻斯特城,0-6,0-3,18*,0.84,-1.5,1.01,20250119104356
伊普斯维奇 vs 曼彻斯特城,0-6,0-3,18*,0.83,-1.5,1.02,20250119093458
伊普斯维奇 vs 曼彻斯特城,0-6,0-3,18*,0.82,-1.5,1.03,20250119093318
伊普斯维奇 vs 曼彻斯特城,0-6,0-3,18*,0.81,-1.5,1.02,20250119080920
伊普斯维奇 vs 曼彻斯特城,0-6,0-3,18*,0.84,-1.5,0.99,20250119080832
伊普斯维奇 vs 曼彻斯特城,0-6,0-3,18*,0.81,-1.5,1.02,20250119072720
伊普斯维奇 vs 曼彻斯特城,0-6,0-3,18*,0.82,-1.5,1.01,20250119052959
伊普斯维奇 vs 曼彻斯特城,0-6,0-3,18*,0.83,-1.5,1.0,20250119042149
伊普斯维奇 vs 曼彻斯特城,0-6,0-3,18*,0.84,-1.5,0.99,20250119035813
伊普斯维奇 vs 曼彻斯特城,0-6,0-3,18*,0.84,-1.5,0.98,20250119035413
伊普斯维奇 vs 曼彻斯特城,0-6,0-3,18*,0.86,-1.5,0.96,20250119031235
伊普斯维奇 vs 曼彻斯特城,0-6,0-3,18*,0.85,-1.5,0.97,20250119024629
伊普斯维奇 vs 曼彻斯特城,0-6,0-3,18*,0.85,-1.5,0.98,20250118235943
伊普斯维奇 vs 曼彻斯特城,0-6,0-3,18*,0.84,-1.5,0.98,20250118233606
伊普斯维奇 vs 曼彻斯特城,0-6,0-3,18*,0.83,-1.5,0.97,20250118205025
伊普斯维奇 vs 曼彻斯特城,0-6,0-3,18*,0.85,-1.5,0.96,20250118204703
伊普斯维奇 vs 曼彻斯特城,0-6,0-3,18*,0.83,-1.5,0.97,20250118190435
伊普斯维奇 vs 曼彻斯特城,0-6,0-3,18*,0.84,-1.5,0.97,20250118175834
伊普斯维奇 vs 曼彻斯特城,0-6,0-3,18*,0.85,-1.5,0.96,20250118015723
伊普斯维奇 vs 曼彻斯特城,0-6,0-3,18*,0.87,-1.5,0.94,20250117220443
伊普斯维奇 vs 曼彻斯特城,0-6,0-3,18*,0.88,-1.5,0.93,20250117201511
伊普斯维奇 vs 曼彻斯特城,0-6,0-3,18*,0.89,-1.5,0.92,20250117194233
伊普斯维奇 vs 曼彻斯特城,0-6,0-3,18*,0.9,-1.5,0.91,20250117184521
伊普斯维奇 vs 曼彻斯特城,0-6,0-3,18*,0.92,-1.5,0.89,20250117180704
伊普斯维奇 vs 曼彻斯特城,0-6,0-3,18*,0.91,-1.5,0.9,20250117174125
伊普斯维奇 vs 曼彻斯特城,0-6,0-3,18*,0.9,-1.5,0.9,20250117120444
伊普斯维奇 vs 曼彻斯特城,0-6,0-3,18*,0.9,-1.5,0.91,20250116233848
伊普斯维奇 vs 曼彻斯特城,0-6,0-3,18*,0.88,-1.5,0.89,20250116202911
伊普斯维奇 vs 曼彻斯特城,0-6,0-3,18*,0.87,-1.5,0.89,20250116201738
伊普斯维奇 vs 曼彻斯特城,0-6,0-3,18*,0.87,-1.5,0.9,20250116161822
伊普斯维奇 vs 曼彻斯特城,0-6,0-3,18*,0.88,-1.5,0.89,20250116133214
伊普斯维奇 vs 曼彻斯特城,0-6,0-3,18*,0.88,-1.5,0.88,20250116121717
伊普斯维奇 vs 曼彻斯特城,0-6,0-3,18*,0.89,-1.5,0.87,20250116083527
伊普斯维奇 vs 曼彻斯特城,0-6,0-3,18*,0.91,-1.5,0.86,20250115191108
伊普斯维奇 vs 曼彻斯特城,0-6,0-3,18*,0.93,-1.5,0.84,20250115035620
伊普斯维奇 vs 曼彻斯特城,0-6,0-3,18*,0.94,-1.5,0.83,20250114145406
伊普斯维奇 vs 曼彻斯特城,0-6,0-3,18*,0.95,-1.5,0.82,20250113011953
伊普斯维奇 vs 曼彻斯特城,0-6,0-3,18*,0.94,-1.5,0.83,20250112122622
伊普斯维奇 vs 曼彻斯特城,0-6,0-3,18*,0.92,-1.5,0.84,20250112052815
伊普斯维奇 vs 曼彻斯特城,0-6,0-3,18*,0.91,-1.5,0.86,20250112031006
伊普斯维奇 vs 曼彻斯特城,0-6,0-3,18*,0.87,-1.5,0.9,20250110113408
伊普斯维奇 vs 曼彻斯特城,0-6,0-3,18*,0.87,-1.5,0.89,20250110112733
伊普斯维奇 vs 曼彻斯特城,0-6,0-3,18*,0.88,-1.5,0.89,20250107003534
伊普斯维奇 vs 曼彻斯特城,0-6,0-3,18*,0.89,-1.5,0.88,20250106172738
伊普斯维奇 vs 曼彻斯特城,0-6,0-3,18*,0.91,-1.5,0.86,20250106074658
伊普斯维奇 vs 曼彻斯特城,0-6,0-3,18*,0.95,-1.5,0.81,20250106062728
伊普斯维奇 vs 曼彻斯特城,0-6,0-3,18*,0.97,-1.5,0.8,20250106062449
伊普斯维奇 vs 曼彻斯特城,0-6,0-3,18*,0.98,-1.5,0.79,20250106000850
伊普斯维奇 vs 曼彻斯特城,0-6,0-3,18*,1.0,-1.5,0.77,20250106000541
伊普斯维奇 vs 曼彻斯特城,0-6,0-3,18*,0.96,-1.5,0.81,20250105215748
伊普斯维奇 vs 曼彻斯特城,0-6,0-3,18*,0.93,-1.5,0.83,20250105012038
伊普斯维奇 vs 曼彻斯特城,0-6,0-3,平*,0.86,-1.5,1.07,20250120002845
伊普斯维奇 vs 曼彻斯特城,0-6,0-3,平*,0.85,-1.5,1.08,20250120002732
伊普斯维奇 vs 曼彻斯特城,0-6,0-3,平*,0.89,-1.5,1.03,20250120002548
伊普斯维奇 vs 曼彻斯特城,0-6,0-3,平*,0.88,-1.5,1.06,20250120001344
伊普斯维奇 vs 曼彻斯特城,0-6,0-3,平*,0.87,-1.5,1.06,20250120001147
伊普斯维奇 vs 曼彻斯特城,0-6,0-3,平*,0.85,-1.5,1.08,20250119235744
伊普斯维奇 vs 曼彻斯特城,0-6,0-3,平*,0.88,-1.5,1.05,20250119235318
伊普斯维奇 vs 曼彻斯特城,0-6,0-3,平*,0.86,-1.5,1.07,20250119235128
伊普斯维奇 vs 曼彻斯特城,0-6,0-3,平*,1.08,-1.25,0.85,20250119233820
伊普斯维奇 vs 曼彻斯特城,0-6,0-3,平*,1.06,-1.25,0.87,20250119233703
伊普斯维奇 vs 曼彻斯特城,0-6,0-3,平*,1.06,-1.25,0.88,20250119232435
伊普斯维奇 vs 曼彻斯特城,0-6,0-3,平*,1.05,-1.25,0.88,20250119232356
伊普斯维奇 vs 曼彻斯特城,0-6,0-3,平*,1.04,-1.25,0.88,20250119232105
伊普斯维奇 vs 曼彻斯特城,0-6,0-3,平*,1.02,-1.25,0.91,20250119232011
伊普斯维奇 vs 曼彻斯特城,0-6,0-3,平*,1.01,-1.25,0.92,20250119230633
伊普斯维奇 vs 曼彻斯特城,0-6,0-3,平*,1.01,-1.25,0.91,20250119225348
伊普斯维奇 vs 曼彻斯特城,0-6,0-3,平*,0.99,-1.25,0.93,20250119224457
伊普斯维奇 vs 曼彻斯特城,0-6,0-3,平*,0.98,-1.25,0.94,20250119222439
伊普斯维奇 vs 曼彻斯特城,0-6,0-3,平*,0.99,-1.25,0.93,20250119222357
伊普斯维奇 vs 曼彻斯特城,0-6,0-3,平*,0.93,-1.25,1.0,20250119221951
伊普斯维奇 vs 曼彻斯特城,0-6,0-3,平*,0.92,-1.25,1.01,20250119221622
伊普斯维奇 vs 曼彻斯特城,0-6,0-3,平*,0.91,-1.25,1.02,20250119221114
伊普斯维奇 vs 曼彻斯特城,0-6,0-3,平*,0.9,-1.25,1.02,20250119215125
伊普斯维奇 vs 曼彻斯特城,0-6,0-3,平*,0.89,-1.25,1.03,20250119204108
伊普斯维奇 vs 曼彻斯特城,0-6,0-3,平*,0.89,-1.25,1.04,20250119203855
伊普斯维奇 vs 曼彻斯特城,0-6,0-3,平*,0.88,-1.25,1.05,20250119203711
伊普斯维奇 vs 曼彻斯特城,0-6,0-3,平*,0.89,-1.25,1.04,20250119203538
伊普斯维奇 vs 曼彻斯特城,0-6,0-3,平*,0.85,-1.25,1.08,20250119202726
伊普斯维奇 vs 曼彻斯特城,0-6,0-3,平*,0.85,-1.25,1.09,20250119200933
伊普斯维奇 vs 曼彻斯特城,0-6,0-3,平*,0.85,-1.25,1.08,20250119195734
伊普斯维奇 vs 曼彻斯特城,0-6,0-3,平*,0.85,-1.25,1.09,20250119195631
伊普斯维奇 vs 曼彻斯特城,0-6,0-3,平*,0.84,-1.25,1.1,20250119192621
伊普斯维奇 vs 曼彻斯特城,0-6,0-3,平*,1.11,-1.0,0.83,20250119190955
伊普斯维奇 vs 曼彻斯特城,0-6,0-3,平*,0.85,-1.25,1.08,20250119190648
伊普斯维奇 vs 曼彻斯特城,0-6,0-3,平*,0.87,-1.25,1.06,20250119190458
伊普斯维奇 vs 曼彻斯特城,0-6,0-3,平*,0.86,-1.25,1.07,20250119190359
伊普斯维奇 vs 曼彻斯特城,0-6,0-3,平*,0.92,-1.25,1.0,20250119190316
伊普斯维奇 vs 曼彻斯特城,0-6,0-3,平*,0.98,-1.25,0.94,20250119190055
伊普斯维奇 vs 曼彻斯特城,0-6,0-3,平*,1.0,-1.25,0.93,20250119185923
伊普斯维奇 vs 曼彻斯特城,0-6,0-3,平*,1.02,-1.25,0.91,20250119185124
伊普斯维奇 vs 曼彻斯特城,0-6,0-3,平*,1.03,-1.25,0.9,20250119184010
伊普斯维奇 vs 曼彻斯特城,0-6,0-3,平*,1.02,-1.25,0.9,20250119183927
伊普斯维奇 vs 曼彻斯特城,0-6,0-3,平*,1.02,-1.25,0.91,20250119171148
伊普斯维奇 vs 曼彻斯特城,0-6,0-3,平*,1.01,-1.25,0.91,20250119164648
伊普斯维奇 vs 曼彻斯特城,0-6,0-3,平*,1.01,-1.25,0.92,20250119163718
伊普斯维奇 vs 曼彻斯特城,0-6,0-3,平*,1.02,-1.25,0.91,20250119163631
伊普斯维奇 vs 曼彻斯特城,0-6,0-3,平*,1.01,-1.25,0.9,20250119163413
伊普斯维奇 vs 曼彻斯特城,0-6,0-3,平*,1.0,-1.25,0.9,20250119153450
伊普斯维奇 vs 曼彻斯特城,0-6,0-3,平*,1.01,-1.25,0.9,20250119152450
伊普斯维奇 vs 曼彻斯特城,0-6,0-3,平*,1.02,-1.25,0.89,20250119152308
伊普斯维奇 vs 曼彻斯特城,0-6,0-3,平*,1.04,-1.25,0.87,20250119152213
伊普斯维奇 vs 曼彻斯特城,0-6,0-3,平*,1.05,-1.25,0.86,20250119152124
伊普斯维奇 vs 曼彻斯特城,0-6,0-3,平*,1.06,-1.25,0.85,20250119151440
伊普斯维奇 vs 曼彻斯特城,0-6,0-3,平*,0.83,-1.5,1.06,20250119142845
伊普斯维奇 vs 曼彻斯特城,0-6,0-3,平*,0.85,-1.5,1.07,20250119142753
伊普斯维奇 vs 曼彻斯特城,0-6,0-3,平*,0.85,-1.5,1.06,20250119142708
伊普斯维奇 vs 曼彻斯特城,0-6,0-3,平*,0.85,-1.5,1.07,20250119134838
伊普斯维奇 vs 曼彻斯特城,0-6,0-3,平*,0.84,-1.5,1.08,20250119134423
伊普斯维奇 vs 曼彻斯特城,0-6,0-3,平*,0.85,-1.5,1.07,20250119131622
伊普斯维奇 vs 曼彻斯特城,0-6,0-3,平*,0.87,-1.5,1.04,20250119131224
伊普斯维奇 vs 曼彻斯特城,0-6,0-3,平*,0.88,-1.5,1.03,20250119131052
伊普斯维奇 vs 曼彻斯特城,0-6,0-3,平*,0.86,-1.5,1.05,20250119125729
伊普斯维奇 vs 曼彻斯特城,0-6,0-3,平*,0.86,-1.5,1.06,20250119051522
伊普斯维奇 vs 曼彻斯特城,0-6,0-3,平*,0.85,-1.5,1.06,20250119035334
伊普斯维奇 vs 曼彻斯特城,0-6,0-3,平*,0.84,-1.5,1.08,20250119035136
伊普斯维奇 vs 曼彻斯特城,0-6,0-3,平*,0.85,-1.5,1.07,20250119035036
伊普斯维奇 vs 曼彻斯特城,0-6,0-3,平*,0.9,-1.5,1.01,20250119031024
伊普斯维奇 vs 曼彻斯特城,0-6,0-3,平*,0.88,-1.5,1.03,20250118121514
伊普斯维奇 vs 曼彻斯特城,0-6,0-3,平*,0.88,-1.5,1.04,20250118045326
伊普斯维奇 vs 曼彻斯特城,0-6,0-3,平*,0.88,-1.5,1.03,20250117220644
伊普斯维奇 vs 曼彻斯特城,0-6,0-3,平*,0.92,-1.5,0.99,20250117193518
伊普斯维奇 vs 曼彻斯特城,0-6,0-3,平*,0.93,-1.5,0.98,20250117185023
伊普斯维奇 vs 曼彻斯特城,0-6,0-3,平*,0.98,-1.5,0.93,20250117182029
伊普斯维奇 vs 曼彻斯特城,0-6,0-3,平*,0.95,-1.5,0.95,20250117175057
伊普斯维奇 vs 曼彻斯特城,0-6,0-3,平*,0.94,-1.5,0.96,20250116203112
伊普斯维奇 vs 曼彻斯特城,0-6,0-3,平*,0.93,-1.5,0.98,20250116133019
伊普斯维奇 vs 曼彻斯特城,0-6,0-3,平*,0.93,-1.5,0.93,20250115192559
伊普斯维奇 vs 曼彻斯特城,0-6,0-3,平*,0.97,-1.5,0.88,20250114150548
伊普斯维奇 vs 曼彻斯特城,0-6,0-3,平*,1.0,-1.5,0.85,20250113190319
伊普斯维奇 vs 曼彻斯特城,0-6,0-3,平*,1.01,-1.5,0.85,20250112020854
伊普斯维奇 vs 曼彻斯特城,0-6,0-3,平*,0.93,-1.5,0.93,20250110112746
伊普斯维奇 vs 曼彻斯特城,0-6,0-3,平*,0.95,-1.5,0.9,20250108113649
伊普斯维奇 vs 曼彻斯特城,0-6,0-3,平*,0.94,-1.5,0.91,20250106142858
伊普斯维奇 vs 曼彻斯特城,0-6,0-3,平*,0.95,-1.5,0.9,20250106071738
伊普斯维奇 vs 曼彻斯特城,0-6,0-3,平*,0.93,-1.5,0.88,20250106061720
伊普斯维奇 vs 曼彻斯特城,0-6,0-3,平*,0.98,-1.25,0.84,20250106061426
伊普斯维奇 vs 曼彻斯特城,0-6,0-3,平*,0.94,-1.25,0.88,20250106061330
伊普斯维奇 vs 曼彻斯特城,0-6,0-3,香港马*,1.12,-1.25,0.73,20250120002934
伊普斯维奇 vs 曼彻斯特城,0-6,0-3,香港马*,1.15,-1.25,0.71,20250119235911
伊普斯维奇 vs 曼彻斯特城,0-6,0-3,香港马*,1.11,-1.25,0.74,20250119235740
伊普斯维奇 vs 曼彻斯特城,0-6,0-3,香港马*,1.07,-1.25,0.77,20250119234243
伊普斯维奇 vs 曼彻斯特城,0-6,0-3,香港马*,1.04,-1.25,0.79,20250119232217
伊普斯维奇 vs 曼彻斯特城,0-6,0-3,香港马*,0.98,-1.25,0.84,20250119224951
伊普斯维奇 vs 曼彻斯特城,0-6,0-3,香港马*,0.93,-1.25,0.89,20250119214004
伊普斯维奇 vs 曼彻斯特城,0-6,0-3,香港马*,0.91,-1.25,0.91,20250119210220
伊普斯维奇 vs 曼彻斯特城,0-6,0-3,香港马*,0.87,-1.25,0.95,20250119202700
伊普斯维奇 vs 曼彻斯特城,0-6,0-3,香港马*,0.85,-1.25,0.97,20250119191752
伊普斯维奇 vs 曼彻斯特城,0-6,0-3,香港马*,0.87,-1.25,0.95,20250119190738
伊普斯维奇 vs 曼彻斯特城,0-6,0-3,香港马*,0.92,-1.25,0.9,20250119190646
伊普斯维奇 vs 曼彻斯特城,0-6,0-3,香港马*,0.95,-1.25,0.87,20250119190600
伊普斯维奇 vs 曼彻斯特城,0-6,0-3,香港马*,1.0,-1.25,0.83,20250119190322
伊普斯维奇 vs 曼彻斯特城,0-6,0-3,香港马*,1.03,-1.25,0.8,20250119153447
伊普斯维奇 vs 曼彻斯特城,0-6,0-3,香港马*,1.02,-1.25,0.8,20250119153318
伊普斯维奇 vs 曼彻斯特城,0-6,0-3,香港马*,1.08,-1.25,0.76,20250119115525
伊普斯维奇 vs 曼彻斯特城,0-6,0-3,香港马*,1.05,-1.25,0.74,20250117122420
伊普斯维奇 vs 曼彻斯特城,0-6,0-3,威*,0.75,-1.5,1.1,20250120000833
伊普斯维奇 vs 曼彻斯特城,0-6,0-3,威*,0.97,-1.25,0.86,20250119235344
伊普斯维奇 vs 曼彻斯特城,0-6,0-3,威*,0.95,-1.25,0.88,20250119234345
伊普斯维奇 vs 曼彻斯特城,0-6,0-3,威*,0.94,-1.25,0.89,20250119233311
伊普斯维奇 vs 曼彻斯特城,0-6,0-3,威*,0.89,-1.25,0.95,20250119230046
伊普斯维奇 vs 曼彻斯特城,0-6,0-3,威*,0.73,-1.5,1.2,20250119223925
伊普斯维奇 vs 曼彻斯特城,0-6,0-3,威*,0.8,-1.25,1.05,20250119220117
伊普斯维奇 vs 曼彻斯特城,0-6,0-3,威*,0.8,-1.25,1.06,20250119212127
伊普斯维奇 vs 曼彻斯特城,0-6,0-3,威*,1.06,-1.0,0.79,20250119210023
伊普斯维奇 vs 曼彻斯特城,0-6,0-3,威*,0.65,-1.5,1.3,20250119204902
伊普斯维奇 vs 曼彻斯特城,0-6,0-3,威*,1.04,-1.0,0.79,20250119203718
伊普斯维奇 vs 曼彻斯特城,0-6,0-3,威*,1.01,-1.0,0.81,20250119202534
伊普斯维奇 vs 曼彻斯特城,0-6,0-3,威*,1.02,-1.0,0.81,20250119201309
伊普斯维奇 vs 曼彻斯特城,0-6,0-3,威*,1.01,-1.0,0.81,20250119194757
伊普斯维奇 vs 曼彻斯特城,0-6,0-3,威*,0.62,-1.5,1.2,20250119193520
伊普斯维奇 vs 曼彻斯特城,0-6,0-3,威*,0.82,-1.25,0.99,20250119192233
伊普斯维奇 vs 曼彻斯特城,0-6,0-3,威*,0.86,-1.25,0.97,20250119190943
伊普斯维奇 vs 曼彻斯特城,0-6,0-3,威*,0.7,-1.5,1.2,20250119172147
伊普斯维奇 vs 曼彻斯特城,0-6,0-3,威*,0.9,-1.25,0.93,20250119165359
伊普斯维奇 vs 曼彻斯特城,0-6,0-3,威*,0.91,-1.25,0.92,20250119154435
伊普斯维奇 vs 曼彻斯特城,0-6,0-3,威*,0.95,-1.25,0.89,20250119153038
伊普斯维奇 vs 曼彻斯特城,0-6,0-3,威*,0.98,-1.25,0.85,20250119144933
伊普斯维奇 vs 曼彻斯特城,0-6,0-3,威*,0.97,-1.25,0.84,20250119143521
伊普斯维奇 vs 曼彻斯特城,0-6,0-3,威*,0.98,-1.25,0.84,20250119135400
伊普斯维奇 vs 曼彻斯特城,0-6,0-3,威*,0.75,-1.5,1.1,20250119134012
伊普斯维奇 vs 曼彻斯特城,0-6,0-3,威*,0.97,-1.25,0.84,20250119132613
伊普斯维奇 vs 曼彻斯特城,0-6,0-3,威*,0.98,-1.25,0.84,20250119131222
伊普斯维奇 vs 曼彻斯特城,0-6,0-3,威*,0.97,-1.25,0.85,20250119123058
伊普斯维奇 vs 曼彻斯特城,0-6,0-3,威*,0.98,-1.25,0.84,20250119121708
伊普斯维奇 vs 曼彻斯特城,0-6,0-3,威*,0.97,-1.25,0.84,20250119113540
伊普斯维奇 vs 曼彻斯特城,0-6,0-3,威*,0.98,-1.25,0.83,20250119112146
伊普斯维奇 vs 曼彻斯特城,0-6,0-3,威*,0.97,-1.25,0.84,20250119055458
伊普斯维奇 vs 曼彻斯特城,0-6,0-3,威*,0.92,-1.25,0.78,20250119045643
伊普斯维奇 vs 曼彻斯特城,0-6,0-3,威*,0.95,-1.25,0.75,20250119044215
伊普斯维奇 vs 曼彻斯特城,0-6,0-3,威*,0.81,-1.5,1.02,20250118195137
伊普斯维奇 vs 曼彻斯特城,0-6,0-3,威*,0.82,-1.5,1.01,20250118140925
伊普斯维奇 vs 曼彻斯特城,0-6,0-3,威*,0.81,-1.5,1.0,20250118000441
伊普斯维奇 vs 曼彻斯特城,0-6,0-3,威*,0.83,-1.5,0.98,20250117195856
伊普斯维奇 vs 曼彻斯特城,0-6,0-3,威*,0.85,-1.5,0.95,20250117041955
伊普斯维奇 vs 曼彻斯特城,0-6,0-3,威*,0.84,-1.5,0.96,20250116221737
伊普斯维奇 vs 曼彻斯特城,0-6,0-3,威*,0.85,-1.5,0.96,20250116143722
伊普斯维奇 vs 曼彻斯特城,0-6,0-3,威*,0.84,-1.5,0.96,20250116131225
伊普斯维奇 vs 曼彻斯特城,0-6,0-3,威*,0.83,-1.5,0.98,20250115202830
伊普斯维奇 vs 曼彻斯特城,0-6,0-3,威*,0.84,-1.5,0.96,20250115183853
伊普斯维奇 vs 曼彻斯特城,0-6,0-3,威*,0.86,-1.5,0.94,20250115073139
伊普斯维奇 vs 曼彻斯特城,0-6,0-3,威*,0.87,-1.5,0.93,20250114125633
伊普斯维奇 vs 曼彻斯特城,0-6,0-3,威*,0.88,-1.5,0.92,20250114095347
伊普斯维奇 vs 曼彻斯特城,0-6,0-3,威*,0.87,-1.5,0.93,20250114075055
伊普斯维奇 vs 曼彻斯特城,0-6,0-3,威*,0.86,-1.5,0.94,20250113160951
伊普斯维奇 vs 曼彻斯特城,0-6,0-3,威*,0.91,-1.5,0.95,20250113151204
伊普斯维奇 vs 曼彻斯特城,0-6,0-3,威*,0.86,-1.5,0.94,20250113122350
伊普斯维奇 vs 曼彻斯特城,0-6,0-3,威*,0.87,-1.5,0.93,20250113102919
伊普斯维奇 vs 曼彻斯特城,0-6,0-3,威*,0.86,-1.5,0.94,20250113030751
伊普斯维奇 vs 曼彻斯特城,0-6,0-3,威*,0.85,-1.5,0.95,20250113003546
伊普斯维奇 vs 曼彻斯特城,0-6,0-3,威*,0.84,-1.5,0.96,20250112115636
伊普斯维奇 vs 曼彻斯特城,0-6,0-3,威*,0.79,-1.5,0.92,20250112043644
伊普斯维奇 vs 曼彻斯特城,0-6,0-3,威*,0.81,-1.5,1.0,20250112023007
伊普斯维奇 vs 曼彻斯特城,0-6,0-3,威*,0.8,-1.5,1.01,20250111234919
伊普斯维奇 vs 曼彻斯特城,0-6,0-3,威*,0.81,-1.5,0.99,20250111231011
伊普斯维奇 vs 曼彻斯特城,0-6,0-3,威*,0.8,-1.5,1.01,20250111095932
伊普斯维奇 vs 曼彻斯特城,0-6,0-3,威*,0.81,-1.5,0.99,20250111082353
伊普斯维奇 vs 曼彻斯特城,0-6,0-3,威*,0.8,-1.5,1.01,20250111064743
伊普斯维奇 vs 曼彻斯特城,0-6,0-3,威*,0.81,-1.5,0.99,20250111061543
伊普斯维奇 vs 曼彻斯特城,0-6,0-3,威*,0.8,-1.5,1.01,20250110211847
伊普斯维奇 vs 曼彻斯特城,0-6,0-3,威*,0.81,-1.5,1.0,20250110132218
伊普斯维奇 vs 曼彻斯特城,0-6,0-3,威*,0.82,-1.5,0.99,20250110125052
伊普斯维奇 vs 曼彻斯特城,0-6,0-3,威*,0.81,-1.5,1.0,20250110121940
伊普斯维奇 vs 曼彻斯特城,0-6,0-3,威*,0.83,-1.5,0.98,20250108232355
伊普斯维奇 vs 曼彻斯特城,0-6,0-3,威*,0.91,-1.5,0.95,20250108223408
伊普斯维奇 vs 曼彻斯特城,0-6,0-3,威*,0.83,-1.5,0.98,20250106145012
伊普斯维奇 vs 曼彻斯特城,0-6,0-3,威*,0.82,-1.5,0.98,20250106081044
伊普斯维奇 vs 曼彻斯特城,0-6,0-3,威*,0.85,-1.5,0.94,20250106071454
伊普斯维奇 vs 曼彻斯特城,0-6,0-3,威*,0.92,-1.5,0.87,20250106033731
伊普斯维奇 vs 曼彻斯特城,0-6,0-3,威*,0.9,-1.5,0.88,20250106015208
伊普斯维奇 vs 曼彻斯特城,0-6,0-3,威*,0.87,-1.5,0.92,20250105222840
伊普斯维奇 vs 曼彻斯特城,0-6,0-3,Interwet*,0.77,-1.5,0.97,20250120000748
伊普斯维奇 vs 曼彻斯特城,0-6,0-3,Interwet*,0.8,-1.5,0.95,20250120000322
伊普斯维奇 vs 曼彻斯特城,0-6,0-3,Interwet*,0.75,-1.5,1.0,20250119234915
伊普斯维奇 vs 曼彻斯特城,0-6,0-3,Interwet*,0.77,-1.5,0.97,20250119234451
伊普斯维奇 vs 曼彻斯特城,0-6,0-3,Interwet*,0.73,-1.5,1.0,20250119234013
伊普斯维奇 vs 曼彻斯特城,0-6,0-3,Interwet*,0.75,-1.5,0.97,20250119233101
伊普斯维奇 vs 曼彻斯特城,0-6,0-3,Interwet*,0.73,-1.5,1.05,20250119232619
伊普斯维奇 vs 曼彻斯特城,0-6,0-3,Interwet*,0.7,-1.5,1.05,20250119230048
伊普斯维奇 vs 曼彻斯特城,0-6,0-3,Interwet*,0.7,-1.5,1.1,20250119225611
伊普斯维奇 vs 曼彻斯特城,0-6,0-3,Interwet*,0.67,-1.5,1.1,20250119223335
伊普斯维奇 vs 曼彻斯特城,0-6,0-3,Interwet*,0.7,-1.5,1.05,20250119222804
伊普斯维奇 vs 曼彻斯特城,0-6,0-3,Interwet*,0.65,-1.5,1.15,20250119222311
伊普斯维奇 vs 曼彻斯特城,0-6,0-3,Interwet*,0.67,-1.5,1.1,20250119215456
伊普斯维奇 vs 曼彻斯特城,0-6,0-3,Interwet*,0.7,-1.5,1.1,20250119213638
伊普斯维奇 vs 曼彻斯特城,0-6,0-3,Interwet*,1.1,-1.0,0.67,20250119205002
伊普斯维奇 vs 曼彻斯特城,0-6,0-3,Interwet*,1.05,-1.0,0.73,20250119203831
伊普斯维奇 vs 曼彻斯特城,0-6,0-3,Interwet*,1.0,-1.0,0.73,20250119202226
伊普斯维奇 vs 曼彻斯特城,0-6,0-3,Interwet*,1.05,-1.0,0.7,20250119200752
伊普斯维奇 vs 曼彻斯特城,0-6,0-3,Interwet*,1.05,-1.0,0.73,20250119200242
伊普斯维奇 vs 曼彻斯特城,0-6,0-3,Interwet*,1.0,-1.0,0.73,20250119193630
伊普斯维奇 vs 曼彻斯特城,0-6,0-3,Interwet*,1.0,-1.0,0.75,20250119192449
伊普斯维奇 vs 曼彻斯特城,0-6,0-3,Interwet*,0.95,-1.0,0.75,20250119191856
伊普斯维奇 vs 曼彻斯特城,0-6,0-3,Interwet*,1.05,-1.0,0.73,20250119191259
伊普斯维奇 vs 曼彻斯特城,0-6,0-3,Interwet*,0.73,-1.5,1.05,20250119174506
伊普斯维奇 vs 曼彻斯特城,0-6,0-3,Interwet*,0.7,-1.5,1.1,20250119164051
伊普斯维奇 vs 曼彻斯特城,0-6,0-3,Interwet*,0.7,-1.5,1.05,20250119154303
伊普斯维奇 vs 曼彻斯特城,0-6,0-3,Interwet*,0.73,-1.5,1.05,20250119153139
伊普斯维奇 vs 曼彻斯特城,0-6,0-3,Interwet*,0.77,-1.5,0.95,20250119152544
伊普斯维奇 vs 曼彻斯特城,0-6,0-3,Interwet*,0.77,-1.5,0.97,20250119151838
伊普斯维奇 vs 曼彻斯特城,0-6,0-3,Interwet*,0.73,-1.5,1.0,20250119150631
伊普斯维奇 vs 曼彻斯特城,0-6,0-3,Interwet*,0.73,-1.5,1.05,20250119144311
伊普斯维奇 vs 曼彻斯特城,0-6,0-3,Interwet*,0.73,-1.5,1.0,20250119133728
伊普斯维奇 vs 曼彻斯特城,0-6,0-3,Interwet*,0.75,-1.5,1.0,20250119113534
伊普斯维奇 vs 曼彻斯特城,0-6,0-3,Interwet*,0.77,-1.5,0.95,20250119111649
伊普斯维奇 vs 曼彻斯特城,0-6,0-3,Interwet*,0.8,-1.5,0.95,20250119094555
伊普斯维奇 vs 曼彻斯特城,0-6,0-3,Interwet*,0.77,-1.5,0.97,20250119093937
伊普斯维奇 vs 曼彻斯特城,0-6,0-3,Interwet*,0.75,-1.5,1.0,20250119063034
伊普斯维奇 vs 曼彻斯特城,0-6,0-3,Interwet*,0.77,-1.5,0.97,20250119053939
伊普斯维奇 vs 曼彻斯特城,0-6,0-3,Interwet*,0.8,-1.5,0.95,20250119040756
伊普斯维奇 vs 曼彻斯特城,0-6,0-3,Interwet*,0.8,-1.5,0.9,20250119035835
伊普斯维奇 vs 曼彻斯特城,0-6,0-3,Interwet*,0.8,-1.5,0.95,20250118132842
伊普斯维奇 vs 曼彻斯特城,0-6,0-3,Interwet*,0.83,-1.5,0.95,20250118014833
伊普斯维奇 vs 曼彻斯特城,0-6,0-3,Interwet*,0.83,-1.5,0.9,20250117220635
伊普斯维奇 vs 曼彻斯特城,0-6,0-3,Interwet*,0.9,-1.5,0.85,20250117054412
伊普斯维奇 vs 曼彻斯特城,0-6,0-3,Interwet*,0.85,-1.5,0.9,20250116235612
伊普斯维奇 vs 曼彻斯特城,0-6,0-3,Interwet*,0.9,-1.5,0.85,20250116202053
伊普斯维奇 vs 曼彻斯特城,0-6,0-3,Interwet*,0.85,-1.5,0.9,20250116133506
伊普斯维奇 vs 曼彻斯特城,0-6,0-3,Interwet*,0.9,-1.5,0.85,20250116102608
伊普斯维奇 vs 曼彻斯特城,0-6,0-3,Interwet*,0.9,-1.5,0.83,20250116095514
伊普斯维奇 vs 曼彻斯特城,0-6,0-3,Interwet*,0.85,-1.5,0.9,20250116092217
伊普斯维奇 vs 曼彻斯特城,0-6,0-3,Interwet*,0.9,-1.5,0.9,20250115191545
伊普斯维奇 vs 曼彻斯特城,0-6,0-3,Interwet*,0.9,-1.5,0.85,20250115185853
伊普斯维奇 vs 曼彻斯特城,0-6,0-3,Interwet*,0.9,-1.5,0.83,20250115181403
伊普斯维奇 vs 曼彻斯特城,0-6,0-3,Interwet*,0.9,-1.5,0.85,20250115070337
伊普斯维奇 vs 曼彻斯特城,0-6,0-3,Interwet*,0.9,-1.5,0.83,20250113011117
伊普斯维奇 vs 曼彻斯特城,0-6,0-3,Interwet*,0.9,-1.5,0.85,20250113001912
伊普斯维奇 vs 曼彻斯特城,0-6,0-3,Interwet*,0.9,-1.5,0.83,20250113000858
伊普斯维奇 vs 曼彻斯特城,0-6,0-3,Interwet*,0.9,-1.5,0.85,20250112213720
伊普斯维奇 vs 曼彻斯特城,0-6,0-3,Interwet*,0.9,-1.5,0.83,20250112202515
伊普斯维奇 vs 曼彻斯特城,0-6,0-3,Interwet*,0.9,-1.5,0.85,20250112055824
伊普斯维奇 vs 曼彻斯特城,0-6,0-3,Interwet*,0.9,-1.5,0.83,20250112051205
伊普斯维奇 vs 曼彻斯特城,0-6,0-3,Interwet*,0.9,-1.5,0.85,20250112022646
伊普斯维奇 vs 曼彻斯特城,0-6,0-3,Interwet*,0.85,-1.5,0.9,20250112021207
伊普斯维奇 vs 曼彻斯特城,0-6,0-3,Interwet*,0.83,-1.5,0.9,20250110121245
伊普斯维奇 vs 曼彻斯特城,0-6,0-3,Interwet*,0.85,-1.5,0.9,20250107002950
伊普斯维奇 vs 曼彻斯特城,0-6,0-3,Interwet*,0.9,-1.5,0.85,20250106081632
伊普斯维奇 vs 曼彻斯特城,0-6,0-3,Interwet*,0.85,-1.5,0.9,20250106081300
伊普斯维奇 vs 曼彻斯特城,0-6,0-3,Interwet*,0.9,-1.5,0.85,20250106070010
伊普斯维奇 vs 曼彻斯特城,0-6,0-3,Interwet*,0.85,-1.5,0.85,20250106065649
伊普斯维奇 vs 曼彻斯特城,0-6,0-3,Interwet*,0.85,-1.5,0.9,20250106064520
伊普斯维奇 vs 曼彻斯特城,0-6,0-3,Interwet*,0.95,-1.5,0.8,20250106062143
伊普斯维奇 vs 曼彻斯特城,0-6,0-3,Interwet*,0.95,-1.5,0.83,20250106061741
伊普斯维奇 vs 曼彻斯特城,0-6,0-3,Interwet*,0.97,-1.5,0.77,20250106061032
伊普斯维奇 vs 曼彻斯特城,0-6,0-3,Interwet*,0.95,-1.5,0.77,20250106053316
伊普斯维奇 vs 曼彻斯特城,0-6,0-3,Interwet*,0.97,-1.5,0.77,20250106043121
伊普斯维奇 vs 曼彻斯特城,0-6,0-3,Interwet*,0.95,-1.5,0.77,20250106040121
伊普斯维奇 vs 曼彻斯特城,0-6,0-3,Interwet*,0.97,-1.5,0.77,20250106031456
伊普斯维奇 vs 曼彻斯特城,0-6,0-3,Interwet*,0.95,-1.5,0.77,20250106021917
伊普斯维奇 vs 曼彻斯特城,0-6,0-3,Interwet*,0.95,-1.5,0.8,20250106020324
伊普斯维奇 vs 曼彻斯特城,0-6,0-3,Interwet*,0.95,-1.5,0.77,20250106003603
伊普斯维奇 vs 曼彻斯特城,0-6,0-3,Interwet*,0.95,-1.5,0.8,20250106003209
伊普斯维奇 vs 曼彻斯特城,0-6,0-3,Interwet*,1.0,-1.5,0.73,20250106001103
伊普斯维奇 vs 曼彻斯特城,0-6,0-3,Interwet*,1.0,-1.5,0.75,20250106000258
伊普斯维奇 vs 曼彻斯特城,0-6,0-3,Interwet*,0.95,-1.5,0.83,20250105231539
伊普斯维奇 vs 曼彻斯特城,0-6,0-3,Interwet*,0.9,-1.5,0.85,20250105215624
伊普斯维奇 vs 曼彻斯特城,0-6,0-3,Interwet*,0.9,-1.5,0.83,20250105214302
伊普斯维奇 vs 曼彻斯特城,0-6,0-3,Interwet*,0.95,-1.5,0.8,20250105153923
伊普斯维奇 vs 曼彻斯特城,0-6,0-3,Interwet*,0.95,-1.5,0.83,20250105014405
伊普斯维奇 vs 曼彻斯特城,0-6,0-3,Interwet*,0.95,-1.5,0.8,20250105011554
